"timestamp","price"
2021-12-08 09:25:00,52.41
2021-12-08 09:26:00,52.47
2021-12-08 09:27:00,52.47
2021-12-08 09:28:00,52.47
2021-12-08 09:29:00,52.42
2021-12-08 09:30:00,52.43
2021-12-08 09:31:00,52.37
2021-12-08 09:32:00,52.35
2021-12-08 09:33:00,52.4
2021-12-08 09:34:00,52.43
2021-12-08 09:35:00,52.47
2021-12-08 09:36:00,52.47
2021-12-08 09:37:00,52.45
2021-12-08 09:38:00,52.47
2021-12-08 09:39:00,52.39
2021-12-08 09:40:00,52.35
2021-12-08 09:41:00,52.37
2021-12-08 09:42:00,52.37
2021-12-08 09:43:00,52.37
2021-12-08 09:44:00,52.37
2021-12-08 09:45:00,52.39
2021-12-08 09:46:00,52.37
2021-12-08 09:47:00,52.31
2021-12-08 09:48:00,52.32
2021-12-08 09:49:00,52.27
2021-12-08 09:50:00,52.28
2021-12-08 09:51:00,52.26
2021-12-08 09:52:00,52.31
2021-12-08 09:53:00,52.35
2021-12-08 09:54:00,52.35
2021-12-08 09:55:00,52.36
2021-12-08 09:56:00,52.44
2021-12-08 09:57:00,52.45
2021-12-08 09:58:00,52.48
2021-12-08 09:59:00,52.54
2021-12-08 10:00:00,52.51
2021-12-08 10:01:00,52.5
2021-12-08 10:02:00,52.5
2021-12-08 10:03:00,52.49
2021-12-08 10:05:00,52.46
2021-12-08 10:06:00,52.48
2021-12-08 10:07:00,52.52
2021-12-08 10:08:00,52.49
2021-12-08 10:09:00,52.49
2021-12-08 10:10:00,52.51
2021-12-08 10:11:00,52.49
2021-12-08 10:12:00,52.49
2021-12-08 10:13:00,52.52
2021-12-08 10:14:00,52.58
2021-12-08 10:15:00,52.59
2021-12-08 10:16:00,52.58
2021-12-08 10:17:00,52.56
2021-12-08 10:18:00,52.47
2021-12-08 10:19:00,52.46
2021-12-08 10:20:00,52.43
2021-12-08 10:21:00,52.43
2021-12-08 10:23:00,52.41
2021-12-08 10:24:00,52.42
2021-12-08 10:25:00,52.43
2021-12-08 10:26:00,52.39
2021-12-08 10:27:00,52.4
2021-12-08 10:28:00,52.29
2021-12-08 10:29:00,52.23
2021-12-08 10:30:00,52.25
2021-12-08 10:31:00,52.23
2021-12-08 10:32:00,52.27
2021-12-08 10:33:00,52.24
2021-12-08 10:34:00,52.23
2021-12-08 10:35:00,52.17
2021-12-08 10:36:00,52.2
2021-12-08 10:38:00,52.19
2021-12-08 10:39:00,52.23
2021-12-08 10:40:00,52.23
2021-12-08 10:41:00,52.11
2021-12-08 10:42:00,52.09
2021-12-08 10:44:00,52.01
2021-12-08 10:45:00,51.96
2021-12-08 10:46:00,52.06
2021-12-08 10:47:00,52.01
2021-12-08 10:48:00,51.97
2021-12-08 10:49:00,51.95
2021-12-08 10:50:00,51.93
2021-12-08 10:51:00,51.93
2021-12-08 10:52:00,51.96
2021-12-08 10:53:00,51.95
2021-12-08 10:54:00,51.93
2021-12-08 10:56:00,51.96
2021-12-08 10:57:00,51.92
2021-12-08 10:58:00,51.93
2021-12-08 10:59:00,51.99
2021-12-08 11:00:00,52.02
2021-12-08 11:01:00,51.99
2021-12-08 11:02:00,51.92
2021-12-08 11:03:00,51.91
2021-12-08 11:05:00,51.85
2021-12-08 11:06:00,51.83
2021-12-08 11:08:00,51.89
2021-12-08 11:09:00,51.88
2021-12-08 11:10:00,51.87
2021-12-08 11:11:00,51.87
2021-12-08 11:12:00,51.85
2021-12-08 11:13:00,51.85
2021-12-08 11:14:00,51.87
2021-12-08 11:15:00,51.91
2021-12-08 11:16:00,51.91
2021-12-08 11:17:00,51.9
2021-12-08 11:18:00,51.95
2021-12-08 11:19:00,51.97
2021-12-08 11:20:00,51.95
2021-12-08 11:21:00,51.97
2021-12-08 11:22:00,51.94
2021-12-08 11:23:00,51.93
2021-12-08 11:24:00,51.89
2021-12-08 11:25:00,51.85
2021-12-08 11:26:00,51.86
2021-12-08 11:27:00,51.83
2021-12-08 11:28:00,51.85
2021-12-08 11:29:00,51.84
2021-12-08 11:30:00,51.84
2021-12-08 11:31:00,51.81
2021-12-08 11:32:00,51.77
2021-12-08 11:33:00,51.8
2021-12-08 11:34:00,51.79
2021-12-08 11:35:00,51.76
2021-12-08 11:36:00,51.71
2021-12-08 11:37:00,51.62
2021-12-08 11:38:00,51.61
2021-12-08 11:39:00,51.61
2021-12-08 11:40:00,51.63
2021-12-08 11:41:00,51.67
2021-12-08 11:42:00,51.65
2021-12-08 11:43:00,51.65
2021-12-08 11:44:00,51.61
2021-12-08 11:45:00,51.62
2021-12-08 11:46:00,51.63
2021-12-08 11:47:00,51.64
2021-12-08 11:48:00,51.57
2021-12-08 11:49:00,51.66
2021-12-08 11:50:00,51.67
2021-12-08 11:51:00,51.68
2021-12-08 11:52:00,51.64
2021-12-08 11:53:00,51.6
2021-12-08 11:54:00,51.59
2021-12-08 11:55:00,51.64
2021-12-08 11:56:00,51.65
2021-12-08 11:57:00,51.65
2021-12-08 11:58:00,51.64
2021-12-08 11:59:00,51.61
2021-12-08 12:00:00,51.55
2021-12-08 12:01:00,51.59
2021-12-08 12:02:00,51.6
2021-12-08 12:03:00,51.61
2021-12-08 12:04:00,51.61
2021-12-08 12:05:00,51.57
2021-12-08 12:06:00,51.56
2021-12-08 12:07:00,51.6
2021-12-08 12:08:00,51.63
2021-12-08 12:09:00,51.59
2021-12-08 12:10:00,51.61
2021-12-08 12:11:00,51.64
2021-12-08 12:12:00,51.67
2021-12-08 12:13:00,51.65
2021-12-08 12:14:00,51.69
2021-12-08 12:15:00,51.69
2021-12-08 12:16:00,51.69
2021-12-08 12:17:00,51.65
2021-12-08 12:18:00,51.65
2021-12-08 12:19:00,51.66
2021-12-08 12:20:00,51.6
2021-12-08 12:21:00,51.64
2021-12-08 12:22:00,51.6
2021-12-08 12:23:00,51.57
2021-12-08 12:24:00,51.57
2021-12-08 12:25:00,51.53
2021-12-08 12:26:00,51.56
2021-12-08 12:27:00,51.55
2021-12-08 12:28:00,51.53
2021-12-08 12:29:00,51.45
2021-12-08 12:30:00,51.52
2021-12-08 12:31:00,51.57
2021-12-08 12:32:00,51.62
2021-12-08 12:33:00,51.58
2021-12-08 12:34:00,51.58
2021-12-08 12:35:00,51.61
2021-12-08 12:36:00,51.59
2021-12-08 12:37:00,51.58
2021-12-08 12:38:00,51.58
2021-12-08 12:39:00,51.62
2021-12-08 12:40:00,51.63
2021-12-08 12:41:00,51.71
2021-12-08 12:42:00,51.75
2021-12-08 12:43:00,51.77
2021-12-08 12:44:00,51.82
2021-12-08 12:45:00,51.85
2021-12-08 12:46:00,51.91
2021-12-08 12:47:00,51.94
2021-12-08 12:48:00,51.94
2021-12-08 12:49:00,52.02
2021-12-08 12:50:00,52.03
2021-12-08 12:51:00,52.1
2021-12-08 12:52:00,52.07
2021-12-08 12:53:00,52.02
2021-12-08 12:54:00,52.05
2021-12-08 12:55:00,52.04
2021-12-08 12:56:00,52.1
2021-12-08 12:57:00,52.09
2021-12-08 12:58:00,52.22
2021-12-08 12:59:00,52.17
2021-12-08 13:00:00,52.14
2021-12-08 13:01:00,52.13
2021-12-08 13:02:00,52.13
2021-12-08 13:03:00,52.16
2021-12-08 13:04:00,52.22
2021-12-08 13:05:00,52.16
2021-12-08 13:06:00,52.12
2021-12-08 13:07:00,52.09
2021-12-08 13:08:00,52.12
2021-12-08 13:09:00,52.14
2021-12-08 13:10:00,52.1
2021-12-08 13:11:00,52.1
2021-12-08 13:12:00,52.12
2021-12-08 13:13:00,52.14
2021-12-08 13:14:00,52.12
2021-12-08 13:15:00,52.11
2021-12-08 13:16:00,52.12
2021-12-08 13:17:00,52.11
2021-12-08 13:18:00,52.14
2021-12-08 13:19:00,52.17
2021-12-08 13:20:00,52.2
2021-12-08 13:21:00,52.16
2021-12-08 13:22:00,52.14
2021-12-08 13:23:00,52.16
2021-12-08 13:24:00,52.15
2021-12-08 13:25:00,52.09
2021-12-08 13:26:00,52.09
2021-12-08 13:27:00,52.13
2021-12-08 13:28:00,52.13
2021-12-08 13:29:00,52.12
2021-12-08 13:30:00,52.13
2021-12-08 13:31:00,52.13
2021-12-08 13:32:00,52.17
2021-12-08 13:33:00,52.19
2021-12-08 13:34:00,52.22
2021-12-08 13:35:00,52.24
2021-12-08 13:36:00,52.22
2021-12-08 13:37:00,52.22
2021-12-08 13:38:00,52.17
2021-12-08 13:39:00,52.2
2021-12-08 13:40:00,52.19
2021-12-08 13:41:00,52.19
2021-12-08 13:42:00,52.19
2021-12-08 13:43:00,52.18
2021-12-08 13:44:00,52.15
2021-12-08 13:45:00,52.17
2021-12-08 13:46:00,52.22
2021-12-08 13:47:00,52.21
2021-12-08 13:48:00,52.23
2021-12-08 13:49:00,52.19
2021-12-08 13:50:00,52.2
2021-12-08 13:51:00,52.21
2021-12-08 13:52:00,52.22
2021-12-08 13:53:00,52.23
2021-12-08 13:54:00,52.25
2021-12-08 13:55:00,52.22
2021-12-08 13:56:00,52.2
2021-12-08 13:57:00,52.19
2021-12-08 13:58:00,52.21
2021-12-08 13:59:00,52.22
2021-12-08 14:00:00,52.23
2021-12-08 14:01:00,52.2
2021-12-08 14:02:00,52.19
2021-12-08 14:03:00,52.2
2021-12-08 14:04:00,52.17
2021-12-08 14:05:00,52.16
2021-12-08 14:06:00,52.19
2021-12-08 14:07:00,52.2
2021-12-08 14:08:00,52.2
2021-12-08 14:09:00,52.21
2021-12-08 14:10:00,52.22
2021-12-08 14:11:00,52.23
2021-12-08 14:12:00,52.26
2021-12-08 14:14:00,52.29
2021-12-08 14:15:00,52.28
2021-12-08 14:16:00,52.33
2021-12-08 14:17:00,52.3
2021-12-08 14:19:00,52.27
2021-12-08 14:22:00,52.29
2021-12-08 14:24:00,52.27
2021-12-08 14:25:00,52.29
2021-12-08 14:26:00,52.33
2021-12-08 14:27:00,52.31
2021-12-08 14:28:00,52.3
2021-12-08 14:29:00,52.32
2021-12-08 14:30:00,52.33
2021-12-08 14:31:00,52.34
2021-12-08 14:32:00,52.31
2021-12-08 14:33:00,52.31
2021-12-08 14:34:00,52.3
2021-12-08 14:36:00,52.33
2021-12-08 14:37:00,52.33
2021-12-08 14:38:00,52.33
2021-12-08 14:39:00,52.34
2021-12-08 14:41:00,52.33
2021-12-08 14:42:00,52.32
2021-12-08 14:43:00,52.29
2021-12-08 14:44:00,52.31
2021-12-08 14:45:00,52.35
2021-12-08 14:46:00,52.33
2021-12-08 14:47:00,52.27
2021-12-08 14:49:00,52.27
2021-12-08 14:50:00,52.28
2021-12-08 14:51:00,52.29
2021-12-08 14:52:00,52.25
2021-12-08 14:53:00,52.27
2021-12-08 14:54:00,52.28
2021-12-08 14:55:00,52.28
2021-12-08 14:56:00,52.28
2021-12-08 14:57:00,52.27
2021-12-08 14:59:00,52.27
2021-12-08 15:00:00,52.26
2021-12-08 15:01:00,52.22
2021-12-08 15:02:00,52.2
2021-12-08 15:03:00,52.19
2021-12-08 15:04:00,52.18
2021-12-08 15:05:00,52.2
2021-12-08 15:06:00,52.22
2021-12-08 15:07:00,52.21
2021-12-08 15:09:00,52.21
2021-12-08 15:10:00,52.22
2021-12-08 15:11:00,52.21
2021-12-08 15:12:00,52.25
2021-12-08 15:13:00,52.23
2021-12-08 15:14:00,52.25
2021-12-08 15:15:00,52.25
2021-12-08 15:16:00,52.26
2021-12-08 15:18:00,52.27
2021-12-08 15:20:00,52.26
2021-12-08 15:21:00,52.25
2021-12-08 15:22:00,52.27
2021-12-08 15:26:00,52.29
2021-12-08 15:27:00,52.28
2021-12-08 15:28:00,52.31
2021-12-08 15:29:00,52.3
2021-12-08 15:30:00,52.27
2021-12-08 15:31:00,52.28
2021-12-08 15:32:00,52.33
2021-12-08 15:33:00,52.38
2021-12-08 15:34:00,52.36
2021-12-08 15:35:00,52.3
2021-12-08 15:36:00,52.27
2021-12-08 15:37:00,52.25
2021-12-08 15:38:00,52.29
2021-12-08 15:39:00,52.26
2021-12-08 15:40:00,52.23
2021-12-08 15:41:00,52.27
2021-12-08 15:42:00,52.28
2021-12-08 15:43:00,52.3
2021-12-08 15:44:00,52.27
2021-12-08 15:45:00,52.29
2021-12-08 15:46:00,52.31
2021-12-08 15:47:00,52.29
2021-12-08 15:48:00,52.28
2021-12-08 15:49:00,52.3
2021-12-08 15:50:00,52.3
2021-12-08 15:51:00,52.32
2021-12-08 15:52:00,52.37
2021-12-08 15:53:00,52.43
2021-12-08 15:54:00,52.41
2021-12-08 15:55:00,52.38
2021-12-08 15:56:00,52.33
2021-12-08 15:57:00,52.28
2021-12-08 15:58:00,52.26
2021-12-08 15:59:00,52.29
2021-12-08 16:00:00,52.31
2021-12-08 16:01:00,52.33
2021-12-08 16:02:00,52.35
2021-12-08 16:03:00,52.37
2021-12-08 16:04:00,52.37
2021-12-08 16:05:00,52.33
2021-12-08 16:06:00,52.37
2021-12-08 16:07:00,52.38
2021-12-08 16:08:00,52.36
2021-12-08 16:09:00,52.37
2021-12-08 16:10:00,52.37
2021-12-08 16:11:00,52.37
2021-12-08 16:12:00,52.41
2021-12-08 16:13:00,52.43
2021-12-08 16:14:00,52.43
2021-12-08 16:15:00,52.41
2021-12-08 16:16:00,52.4
2021-12-08 16:17:00,52.42
2021-12-08 16:18:00,52.43
2021-12-08 16:19:00,52.45
2021-12-08 16:20:00,52.52
2021-12-08 16:21:00,52.5
2021-12-08 16:22:00,52.5
2021-12-08 16:23:00,52.55
2021-12-08 16:24:00,52.54
2021-12-08 16:25:00,52.48
2021-12-08 16:26:00,52.49
2021-12-08 16:28:00,52.48
2021-12-08 16:29:00,52.48
2021-12-08 16:31:00,52.46
2021-12-08 16:32:00,52.47
2021-12-08 16:33:00,52.48
2021-12-08 16:34:00,52.51
2021-12-08 16:35:00,52.49
2021-12-08 16:36:00,52.46
2021-12-08 16:37:00,52.47
2021-12-08 16:38:00,52.48
2021-12-08 16:39:00,52.49
2021-12-08 16:40:00,52.49
2021-12-08 16:41:00,52.48
2021-12-08 16:42:00,52.49
2021-12-08 16:43:00,52.49
2021-12-08 16:44:00,52.48
2021-12-08 16:45:00,52.48
2021-12-08 16:46:00,52.44
2021-12-08 16:47:00,52.39
2021-12-08 16:48:00,52.41
2021-12-08 16:49:00,52.43
2021-12-08 16:50:00,52.43
2021-12-08 16:51:00,52.42
2021-12-08 16:53:00,52.42
2021-12-08 16:54:00,52.43
2021-12-08 16:55:00,52.38
2021-12-08 16:56:00,52.4
2021-12-08 16:57:00,52.4
2021-12-08 16:58:00,52.38
2021-12-08 16:59:00,52.4
2021-12-08 17:00:00,52.39
2021-12-08 17:01:00,52.41
2021-12-08 17:03:00,52.42
2021-12-08 17:04:00,52.37
2021-12-08 17:05:00,52.43
2021-12-08 17:06:00,52.42
2021-12-08 17:07:00,52.43
2021-12-08 17:08:00,52.43
2021-12-08 17:09:00,52.43
2021-12-08 17:10:00,52.42
2021-12-08 17:11:00,52.42
2021-12-08 17:12:00,52.43
2021-12-08 17:14:00,52.46
2021-12-08 17:15:00,52.44
2021-12-08 17:16:00,52.43
2021-12-09 09:09:00,52.1
2021-12-09 09:10:00,52.11
2021-12-09 09:11:00,52.11
2021-12-09 09:12:00,52.11
2021-12-09 09:13:00,52.12
2021-12-09 09:14:00,52.06
2021-12-09 09:16:00,52.13
2021-12-09 09:17:00,52.19
2021-12-09 09:18:00,52.28
2021-12-09 09:19:00,52.3
2021-12-09 09:20:00,52.3
2021-12-09 09:21:00,52.35
2021-12-09 09:22:00,52.44
2021-12-09 09:23:00,52.41
2021-12-09 09:24:00,52.3
2021-12-09 09:25:00,52.22
2021-12-09 09:26:00,52.15
2021-12-09 09:27:00,52.16
2021-12-09 09:28:00,52.14
2021-12-09 09:29:00,52.16
2021-12-09 09:30:00,52.16
2021-12-09 09:31:00,52.18
2021-12-09 09:32:00,52.23
2021-12-09 09:33:00,52.23
2021-12-09 09:34:00,52.2
2021-12-09 09:35:00,52.2
2021-12-09 09:36:00,52.21
2021-12-09 09:37:00,52.1
2021-12-09 09:38:00,52.12
2021-12-09 09:39:00,52.11
2021-12-09 09:40:00,52.13
2021-12-09 09:41:00,52.13
2021-12-09 09:42:00,52.07
2021-12-09 09:43:00,52.08
2021-12-09 09:45:00,52.05
2021-12-09 09:46:00,52.09
2021-12-09 09:47:00,52.14
2021-12-09 09:48:00,52.09
2021-12-09 09:49:00,52.11
2021-12-09 09:50:00,52.07
2021-12-09 09:51:00,52.04
2021-12-09 09:52:00,52.12
2021-12-09 09:53:00,52.07
2021-12-09 09:54:00,52.06
2021-12-09 09:55:00,52.03
2021-12-09 09:56:00,52
2021-12-09 09:57:00,52
2021-12-09 09:58:00,51.92
2021-12-09 09:59:00,51.96
2021-12-09 10:00:00,52.05
2021-12-09 10:01:00,52.05
2021-12-09 10:02:00,52.03
2021-12-09 10:03:00,52.06
2021-12-09 10:04:00,52.08
2021-12-09 10:05:00,52.1
2021-12-09 10:06:00,52.07
2021-12-09 10:07:00,52.06
2021-12-09 10:08:00,52.09
2021-12-09 10:09:00,52.16
2021-12-09 10:10:00,52.17
2021-12-09 10:11:00,52.19
2021-12-09 10:12:00,52.18
2021-12-09 10:13:00,52.19
2021-12-09 10:14:00,52.19
2021-12-09 10:15:00,52.22
2021-12-09 10:16:00,52.28
2021-12-14 13:42:00,51.71
2021-12-14 13:43:00,51.71
2021-12-14 13:44:00,51.7
2021-12-14 13:45:00,51.68
2021-12-14 13:47:00,51.65
2021-12-14 13:49:00,51.65
2021-12-14 13:50:00,51.62
2021-12-14 13:56:00,51.59
2021-12-14 13:58:00,51.57
2021-12-14 14:00:00,51.56
2021-12-14 14:02:00,51.53
2021-12-14 14:04:00,51.55
2021-12-14 14:05:00,51.54
2021-12-14 14:06:00,51.54
2021-12-14 14:07:00,51.57
2021-12-14 14:08:00,51.56
2021-12-14 14:09:00,51.53
2021-12-14 14:10:00,51.54
2021-12-14 14:13:00,51.54
2021-12-14 14:14:00,51.57
2021-12-14 14:15:00,51.55
2021-12-14 14:16:00,51.55
2021-12-14 14:18:00,51.55
2021-12-14 14:19:00,51.57
2021-12-14 14:20:00,51.55
2021-12-14 14:21:00,51.53
2021-12-14 14:22:00,51.51
2021-12-14 14:23:00,51.49
2021-12-14 14:24:00,51.51
2021-12-14 14:25:00,51.53
2021-12-14 14:29:00,51.52
2021-12-14 14:30:00,51.49
2021-12-14 14:31:00,51.48
2021-12-14 14:32:00,51.45
2021-12-14 14:33:00,51.39
2021-12-14 14:34:00,51.37
2021-12-14 14:35:00,51.36
2021-12-14 14:36:00,51.35
2021-12-14 14:37:00,51.37
2021-12-14 14:39:00,51.36
2021-12-14 14:40:00,51.35
2021-12-14 14:41:00,51.36
2021-12-14 14:42:00,51.35
2021-12-14 14:43:00,51.31
2021-12-14 14:44:00,51.3
2021-12-14 14:45:00,51.29
2021-12-14 14:46:00,51.28
2021-12-14 14:47:00,51.3
2021-12-14 14:48:00,51.27
2021-12-14 14:49:00,51.28
2021-12-14 14:50:00,51.24
2021-12-14 14:51:00,51.23
2021-12-14 14:52:00,51.19
2021-12-14 14:53:00,51.2
2021-12-14 14:54:00,51.21
2021-12-14 14:56:00,51.22
2021-12-14 14:57:00,51.27
2021-12-14 14:58:00,51.29
2021-12-14 14:59:00,51.28
2021-12-14 15:00:00,51.25
2021-12-14 15:01:00,51.23
2021-12-14 15:02:00,51.23
2021-12-14 15:03:00,51.25
2021-12-14 15:04:00,51.26
2021-12-14 15:05:00,51.28
2021-12-14 15:06:00,51.27
2021-12-14 15:07:00,51.23
2021-12-14 15:08:00,51.24
2021-12-14 15:09:00,51.23
2021-12-14 15:11:00,51.2
2021-12-14 15:12:00,51.21
2021-12-14 15:13:00,51.25
2021-12-14 15:14:00,51.29
2021-12-14 15:15:00,51.28
2021-12-14 15:16:00,51.28
2021-12-14 15:17:00,51.27
2021-12-14 15:18:00,51.25
2021-12-14 15:20:00,51.25
2021-12-14 15:21:00,51.25
2021-12-14 15:22:00,51.23
2021-12-14 15:23:00,51.22
2021-12-14 15:24:00,51.19
2021-12-14 15:25:00,51.19
2021-12-14 15:26:00,51.17
2021-12-14 15:27:00,51.18
2021-12-14 15:28:00,51.17
2021-12-14 15:29:00,51.13
2021-12-14 15:30:00,51.16
2021-12-14 15:31:00,51.21
2021-12-14 15:32:00,51.23
2021-12-14 15:33:00,51.28
2021-12-14 15:34:00,51.23
2021-12-14 15:35:00,51.25
2021-12-14 15:36:00,51.26
2021-12-14 15:37:00,51.28
2021-12-14 15:38:00,51.34
2021-12-14 15:39:00,51.33
2021-12-14 15:40:00,51.33
2021-12-14 15:41:00,51.38
2021-12-14 15:42:00,51.4
2021-12-14 15:43:00,51.41
2021-12-14 15:44:00,51.43
2021-12-14 15:45:00,51.45
2021-12-14 15:46:00,51.48
2021-12-14 15:47:00,51.48
2021-12-14 15:48:00,51.44
2021-12-14 15:49:00,51.41
2021-12-14 15:50:00,51.43
2021-12-14 15:51:00,51.42
2021-12-14 15:52:00,51.43
2021-12-14 15:53:00,51.45
2021-12-14 15:54:00,51.45
2021-12-14 15:55:00,51.49
2021-12-14 15:56:00,51.51
2021-12-14 15:57:00,51.58
2021-12-14 15:58:00,51.57
2021-12-14 15:59:00,51.55
2021-12-14 16:00:00,51.55
2021-12-14 16:01:00,51.6
2021-12-14 16:02:00,51.65
2021-12-14 16:03:00,51.65
2021-12-14 16:04:00,51.64
2021-12-14 16:05:00,51.67
2021-12-14 16:06:00,51.66
2021-12-14 16:07:00,51.69
2021-12-14 16:08:00,51.65
2021-12-14 16:09:00,51.66
2021-12-14 16:10:00,51.63
2021-12-14 16:11:00,51.59
2021-12-14 16:12:00,51.58
2021-12-14 16:13:00,51.57
2021-12-14 16:14:00,51.53
2021-12-14 16:15:00,51.53
2021-12-14 16:16:00,51.53
2021-12-14 16:17:00,51.52
2021-12-14 16:18:00,51.53
2021-12-14 16:19:00,51.55
2021-12-14 16:20:00,51.52
2021-12-14 16:21:00,51.58
2021-12-14 16:22:00,51.62
2021-12-14 16:23:00,51.65
2021-12-14 16:24:00,51.67
2021-12-14 16:25:00,51.7
2021-12-14 16:26:00,51.7
2021-12-14 16:27:00,51.7
2021-12-14 16:28:00,51.69
2021-12-14 16:29:00,51.64
2021-12-14 16:32:00,51.63
2021-12-14 16:33:00,51.6
2021-12-14 16:34:00,51.58
2021-12-14 16:35:00,51.6
2021-12-14 16:36:00,51.63
2021-12-14 16:37:00,51.62
2021-12-14 16:38:00,51.64
2021-12-14 16:39:00,51.63
2021-12-14 16:40:00,51.62
2021-12-14 16:41:00,51.61
2021-12-14 16:42:00,51.62
2021-12-14 16:43:00,51.61
2021-12-14 16:44:00,51.59
2021-12-14 16:45:00,51.62
2021-12-14 16:46:00,51.61
2021-12-14 16:47:00,51.62
2021-12-14 16:48:00,51.63
2021-12-14 16:49:00,51.6
2021-12-14 16:51:00,51.61
2021-12-14 16:52:00,51.59
2021-12-14 16:53:00,51.58
2021-12-14 16:54:00,51.58
2021-12-14 16:55:00,51.57
2021-12-14 16:56:00,51.5
2021-12-14 16:58:00,51.54
2021-12-14 16:59:00,51.55
2021-12-14 17:01:00,51.53
2021-12-14 17:02:00,51.51
2021-12-14 17:03:00,51.52
2021-12-14 17:04:00,51.52
2021-12-14 17:05:00,51.57
2021-12-14 17:07:00,51.59
2021-12-14 17:09:00,51.56
2021-12-14 17:10:00,51.57
2021-12-14 17:11:00,51.58
2021-12-14 17:12:00,51.59
2021-12-14 17:13:00,51.57
2021-12-14 17:14:00,51.54
2021-12-14 17:15:00,51.55
2021-12-14 17:16:00,51.55
2021-12-14 17:17:00,51.59
2021-12-14 17:18:00,51.57
2021-12-14 17:19:00,51.56
2021-12-15 09:11:00,51.4
2021-12-15 09:12:00,51.31
2021-12-15 09:13:00,51.32
2021-12-15 09:14:00,51.32
2021-12-15 09:15:00,51.36
2021-12-15 09:16:00,51.26
2021-12-15 09:17:00,51.28
2021-12-15 09:18:00,51.28
2021-12-15 09:19:00,51.28
2021-12-15 09:20:00,51.32
2021-12-15 09:21:00,51.28
2021-12-15 09:22:00,51.22
2021-12-15 09:23:00,51.3
2021-12-15 09:24:00,51.3
2021-12-15 09:25:00,51.29
2021-12-15 09:26:00,51.24
2021-12-15 09:27:00,51.23
2021-12-15 09:28:00,51.21
2021-12-15 09:29:00,51.21
2021-12-15 09:30:00,51.19
2021-12-15 09:31:00,51.17
2021-12-15 09:32:00,51.17
2021-12-15 09:33:00,51.16
2021-12-15 09:34:00,51.18
2021-12-15 09:35:00,51.15
2021-12-15 09:36:00,51.15
2021-12-15 09:37:00,51.07
2021-12-15 09:38:00,51.05
2021-12-15 09:39:00,51.09
2021-12-15 09:40:00,51.09
2021-12-15 09:41:00,51.09
2021-12-15 09:42:00,51.11
2021-12-15 09:43:00,51.08
2021-12-15 09:44:00,51.09
2021-12-15 09:45:00,51.08
2021-12-15 09:46:00,51.08
2021-12-15 09:47:00,51.09
2021-12-15 09:48:00,51.09
2021-12-15 09:49:00,51.11
2021-12-15 09:50:00,51.09
2021-12-15 09:51:00,51.1
2021-12-15 09:52:00,51.11
2021-12-15 09:53:00,51.16
2021-12-15 09:54:00,51.18
2021-12-15 09:55:00,51.21
2021-12-15 09:56:00,51.15
2021-12-15 09:57:00,51.17
2021-12-15 09:58:00,51.14
2021-12-15 10:00:00,51.12
2021-12-15 10:01:00,51.13
2021-12-15 10:02:00,51.17
2021-12-15 10:03:00,51.17
2021-12-15 10:04:00,51.15
2021-12-15 10:05:00,51.14
2021-12-15 10:06:00,51.13
2021-12-15 10:07:00,51.17
2021-12-15 10:09:00,51.19
2021-12-15 10:10:00,51.17
2021-12-15 10:11:00,51.21
2021-12-15 10:12:00,51.17
2021-12-15 10:13:00,51.13
2021-12-15 10:14:00,51.11
2021-12-15 10:15:00,51.1
2021-12-15 10:16:00,51.12
2021-12-15 10:17:00,51.14
2021-12-15 10:18:00,51.14
2021-12-15 10:19:00,51.14
2021-12-15 10:20:00,51.13
2021-12-15 10:21:00,51.08
2021-12-15 10:22:00,51.11
2021-12-15 10:23:00,51.11
2021-12-15 10:24:00,51.11
2021-12-15 10:25:00,51.11
2021-12-15 10:26:00,51.09
2021-12-15 10:27:00,51.09
2021-12-15 10:28:00,51.07
2021-12-15 10:29:00,51.08
2021-12-15 10:30:00,51.07
2021-12-15 10:31:00,51.09
2021-12-15 10:33:00,51.11
2021-12-15 10:34:00,51.12
2021-12-15 10:35:00,51.12
2021-12-15 10:36:00,51.09
2021-12-15 10:37:00,51.08
2021-12-15 10:38:00,51.11
2021-12-15 10:39:00,51.12
2021-12-15 10:41:00,51.1
2021-12-15 10:42:00,51.07
2021-12-15 10:43:00,51.11
2021-12-15 10:44:00,51.1
2021-12-15 10:45:00,51.12
2021-12-15 10:46:00,51.11
2021-12-15 10:47:00,51.12
2021-12-15 10:48:00,51.15
2021-12-15 10:50:00,51.13
2021-12-15 10:51:00,51.13
2021-12-15 10:52:00,51.12
2021-12-15 10:54:00,51.11
2021-12-15 10:56:00,51.14
2021-12-15 10:57:00,51.15
2021-12-15 10:59:00,51.19
2021-12-15 11:00:00,51.17
2021-12-15 11:01:00,51.15
2021-12-15 11:02:00,51.18
2021-12-15 11:03:00,51.17
2021-12-15 11:04:00,51.21
2021-12-15 11:06:00,51.23
2021-12-15 11:07:00,51.24
2021-12-15 11:09:00,51.23
2021-12-15 11:14:00,51.23
2021-12-15 11:17:00,51.25
2021-12-15 11:18:00,51.31
2021-12-15 11:19:00,51.3
2021-12-15 11:20:00,51.27
2021-12-15 11:21:00,51.27
2021-12-15 11:22:00,51.25
2021-12-15 11:24:00,51.27
2021-12-15 11:25:00,51.28
2021-12-15 11:27:00,51.3
2021-12-15 11:28:00,51.29
2021-12-15 11:29:00,51.27
2021-12-15 11:30:00,51.28
2021-12-15 11:31:00,51.27
2021-12-15 11:32:00,51.31
2021-12-15 11:33:00,51.29
2021-12-15 11:34:00,51.3
2021-12-15 11:35:00,51.29
2021-12-15 11:37:00,51.28
2021-12-15 11:38:00,51.3
2021-12-15 11:39:00,51.38
2021-12-15 11:40:00,51.37
2021-12-15 11:41:00,51.39
2021-12-15 11:42:00,51.39
2021-12-15 11:43:00,51.41
2021-12-15 11:44:00,51.43
2021-12-15 11:45:00,51.41
2021-12-15 11:46:00,51.4
2021-12-15 11:47:00,51.4
2021-12-15 11:48:00,51.4
2021-12-15 11:49:00,51.43
2021-12-15 11:50:00,51.48
2021-12-15 11:51:00,51.49
2021-12-15 11:52:00,51.46
2021-12-15 11:53:00,51.42
2021-12-15 11:54:00,51.41
2021-12-15 11:55:00,51.4
2021-12-15 11:56:00,51.4
2021-12-15 11:57:00,51.38
2021-12-15 11:58:00,51.39
2021-12-15 11:59:00,51.39
2021-12-15 12:00:00,51.38
2021-12-15 12:03:00,51.39
2021-12-15 12:04:00,51.41
2021-12-15 12:05:00,51.39
2021-12-15 12:06:00,51.4
2021-12-15 12:07:00,51.38
2021-12-15 12:08:00,51.37
2021-12-15 12:09:00,51.35
2021-12-15 12:11:00,51.35
2021-12-15 12:13:00,51.36
2021-12-15 12:14:00,51.38
2021-12-15 12:15:00,51.38
2021-12-15 12:17:00,51.4
2021-12-15 12:20:00,51.39
2021-12-15 12:21:00,51.39
2021-12-15 12:22:00,51.42
2021-12-15 12:23:00,51.42
2021-12-15 12:24:00,51.43
2021-12-15 12:25:00,51.43
2021-12-15 12:26:00,51.46
2021-12-15 12:27:00,51.5
2021-12-15 12:28:00,51.51
2021-12-15 12:29:00,51.5
2021-12-15 12:30:00,51.49
2021-12-15 12:31:00,51.51
2021-12-15 12:32:00,51.49
2021-12-15 12:33:00,51.48
2021-12-15 12:34:00,51.48
2021-12-15 12:35:00,51.56
2021-12-15 12:36:00,51.55
2021-12-15 12:37:00,51.64
2021-12-15 12:38:00,51.63
2021-12-15 12:39:00,51.68
2021-12-15 12:42:00,51.71
2021-12-15 12:43:00,51.69
2021-12-15 12:44:00,51.67
2021-12-15 12:45:00,51.65
2021-12-15 12:46:00,51.68
2021-12-15 12:47:00,51.62
2021-12-15 12:48:00,51.61
2021-12-15 12:49:00,51.61
2021-12-15 12:50:00,51.61
2021-12-15 12:51:00,51.6
2021-12-15 12:52:00,51.58
2021-12-15 12:53:00,51.56
2021-12-15 12:54:00,51.54
2021-12-15 12:55:00,51.51
2021-12-15 12:56:00,51.51
2021-12-15 12:57:00,51.49
2021-12-15 12:59:00,51.48
2021-12-15 13:02:00,51.5
2021-12-15 13:04:00,51.51
2021-12-15 13:05:00,51.52
2021-12-15 13:07:00,51.5
2021-12-15 13:08:00,51.55
2021-12-15 13:09:00,51.57
2021-12-15 13:12:00,51.57
2021-12-15 13:13:00,51.59
2021-12-15 13:15:00,51.6
2021-12-15 13:16:00,51.57
2021-12-15 13:17:00,51.58
2021-12-15 13:18:00,51.58
2021-12-15 13:19:00,51.59
2021-12-15 13:20:00,51.62
2021-12-15 13:21:00,51.6
2021-12-15 13:22:00,51.62
2021-12-15 13:23:00,51.61
2021-12-15 13:24:00,51.61
2021-12-15 13:25:00,51.6
2021-12-15 13:26:00,51.56
2021-12-15 13:27:00,51.55
2021-12-15 13:28:00,51.57
2021-12-15 13:29:00,51.56
2021-12-15 13:31:00,51.61
2021-12-15 13:32:00,51.61
2021-12-15 13:33:00,51.62
2021-12-15 13:34:00,51.63
2021-12-15 13:35:00,51.63
2021-12-15 13:36:00,51.63
2021-12-15 13:37:00,51.61
2021-12-15 13:39:00,51.61
2021-12-15 13:41:00,51.62
2021-12-15 13:43:00,51.62
2021-12-15 13:44:00,51.61
2021-12-15 13:45:00,51.62
2021-12-15 13:47:00,51.65
2021-12-15 13:48:00,51.64
2021-12-15 13:49:00,51.63
2021-12-15 13:50:00,51.63
2021-12-15 13:51:00,51.61
2021-12-15 13:53:00,51.61
2021-12-15 13:57:00,51.59
2021-12-15 13:58:00,51.59
2021-12-15 14:00:00,51.6
2021-12-15 14:01:00,51.57
2021-12-15 14:02:00,51.58
2021-12-15 14:03:00,51.59
2021-12-15 14:04:00,51.6
2021-12-15 14:06:00,51.59
2021-12-15 14:07:00,51.58
2021-12-15 14:08:00,51.57
2021-12-15 14:09:00,51.56
2021-12-15 14:10:00,51.58
2021-12-15 14:11:00,51.58
2021-12-15 14:12:00,51.58
2021-12-15 14:15:00,51.61
2021-12-15 14:17:00,51.61
2021-12-15 14:18:00,51.62
2021-12-15 14:22:00,51.62
2021-12-15 14:23:00,51.64
2021-12-15 14:27:00,51.65
2021-12-15 14:28:00,51.63
2021-12-15 14:29:00,51.64
2021-12-15 14:30:00,51.64
2021-12-15 14:31:00,51.65
2021-12-15 14:32:00,51.59
2021-12-15 14:33:00,51.57
2021-12-15 14:34:00,51.58
2021-12-15 14:35:00,51.61
2021-12-15 14:36:00,51.61
2021-12-15 14:37:00,51.6
2021-12-15 14:38:00,51.59
2021-12-15 14:40:00,51.59
2021-12-15 14:45:00,51.6
2021-12-15 14:46:00,51.59
2021-12-15 14:47:00,51.58
2021-12-15 14:48:00,51.58
2021-12-15 14:49:00,51.58
2021-12-15 14:50:00,51.57
2021-12-15 14:51:00,51.58
2021-12-15 14:52:00,51.59
2021-12-15 14:53:00,51.61
2021-12-15 14:55:00,51.59
2021-12-15 14:57:00,51.57
2021-12-15 14:58:00,51.59
2021-12-15 15:00:00,51.55
2021-12-15 15:01:00,51.51
2021-12-15 15:02:00,51.52
2021-12-15 15:03:00,51.53
2021-12-15 15:06:00,51.53
2021-12-15 15:07:00,51.53
2021-12-15 15:11:00,51.52
2021-12-15 15:14:00,51.5
2021-12-15 15:15:00,51.53
2021-12-15 15:16:00,51.53
2021-12-15 15:17:00,51.55
2021-12-15 15:18:00,51.57
2021-12-15 15:19:00,51.56
2021-12-15 15:20:00,51.57
2021-12-15 15:21:00,51.57
2021-12-15 15:22:00,51.57
2021-12-15 15:23:00,51.57
2021-12-15 15:24:00,51.57
2021-12-15 15:25:00,51.57
2021-12-15 15:27:00,51.55
2021-12-15 15:28:00,51.57
2021-12-15 15:29:00,51.54
2021-12-15 15:30:00,51.5
2021-12-15 15:31:00,51.47
2021-12-15 15:32:00,51.43
2021-12-15 15:34:00,51.41
2021-12-15 15:35:00,51.34
2021-12-15 15:36:00,51.38
2021-12-15 15:37:00,51.38
2021-12-15 15:38:00,51.33
2021-12-15 15:39:00,51.31
2021-12-15 15:40:00,51.29
2021-12-15 15:41:00,51.3
2021-12-15 15:42:00,51.31
2021-12-15 15:43:00,51.32
2021-12-15 15:44:00,51.31
2021-12-15 15:45:00,51.29
2021-12-15 15:46:00,51.29
2021-12-15 15:47:00,51.31
2021-12-15 15:48:00,51.29
2021-12-15 15:50:00,51.27
2021-12-15 15:51:00,51.23
2021-12-15 15:52:00,51.23
2021-12-15 15:53:00,51.23
2021-12-15 15:54:00,51.25
2021-12-15 15:55:00,51.25
2021-12-15 15:56:00,51.25
2021-12-15 15:57:00,51.25
2021-12-15 15:58:00,51.25
2021-12-15 15:59:00,51.24
2021-12-15 16:00:00,51.29
2021-12-15 16:01:00,51.29
2021-12-15 16:02:00,51.25
2021-12-15 16:03:00,51.24
2021-12-15 16:04:00,51.23
2021-12-15 16:05:00,51.23
2021-12-15 16:06:00,51.22
2021-12-15 16:07:00,51.21
2021-12-15 16:08:00,51.22
2021-12-15 16:09:00,51.22
2021-12-15 16:10:00,51.21
2021-12-15 16:11:00,51.22
2021-12-15 16:12:00,51.23
2021-12-15 16:13:00,51.21
2021-12-15 16:14:00,51.19
2021-12-15 16:15:00,51.17
2021-12-15 16:16:00,51.17
2021-12-15 16:17:00,51.21
2021-12-15 16:18:00,51.2
2021-12-15 16:19:00,51.17
2021-12-15 16:20:00,51.19
2021-12-15 16:21:00,51.17
2021-12-15 16:22:00,51.16
2021-12-15 16:23:00,51.19
2021-12-15 16:25:00,51.17
2021-12-15 16:28:00,51.15
2021-12-15 16:29:00,51.17
2021-12-15 16:30:00,51.17
2021-12-15 16:31:00,51.17
2021-12-15 16:32:00,51.17
2021-12-15 16:33:00,51.15
2021-12-15 16:34:00,51.17
2021-12-15 16:35:00,51.16
2021-12-15 16:36:00,51.19
2021-12-15 16:37:00,51.19
2021-12-15 16:38:00,51.19
2021-12-15 16:39:00,51.19
2021-12-15 16:40:00,51.22
2021-12-15 16:41:00,51.23
2021-12-15 16:42:00,51.24
2021-12-15 16:43:00,51.23
2021-12-15 16:44:00,51.25
2021-12-15 16:45:00,51.23
2021-12-15 16:46:00,51.25
2021-12-15 16:47:00,51.24
2021-12-15 16:48:00,51.24
2021-12-15 16:49:00,51.21
2021-12-15 16:50:00,51.22
2021-12-15 16:51:00,51.21
2021-12-15 16:52:00,51.19
2021-12-15 16:53:00,51.2
2021-12-15 16:54:00,51.21
2021-12-15 16:55:00,51.19
2021-12-15 16:56:00,51.21
2021-12-15 16:57:00,51.18
2021-12-15 16:58:00,51.2
2021-12-15 17:00:00,51.22
2021-12-15 17:01:00,51.19
2021-12-15 17:02:00,51.19
2021-12-15 17:04:00,51.17
2021-12-15 17:06:00,51.18
2021-12-15 17:07:00,51.17
2021-12-15 17:08:00,51.17
2021-12-15 17:11:00,51.2
2021-12-15 17:12:00,51.2
2021-12-15 17:13:00,51.19
2021-12-15 17:14:00,51.19
2021-12-15 17:15:00,51.19
2021-12-15 17:16:00,51.15
2021-12-15 17:19:00,51.13
2021-12-16 09:11:00,52.14
2021-12-16 09:12:00,52.17
2021-12-16 09:13:00,52.18
2021-12-16 09:14:00,52.23
2021-12-16 09:15:00,52.34
2021-12-16 09:16:00,52.32
2021-12-16 09:17:00,52.31
2021-12-16 09:18:00,52.28
2021-12-16 09:19:00,52.25
2021-12-16 09:20:00,52.2
2021-12-16 09:21:00,52.21
2021-12-16 09:22:00,52.25
2021-12-16 09:23:00,52.28
2021-12-16 09:24:00,52.24
2021-12-16 09:25:00,52.18
2021-12-16 09:26:00,52.2
2021-12-16 09:27:00,52.19
2021-12-16 09:28:00,52.21
2021-12-16 09:29:00,52.23
2021-12-16 09:30:00,52.21
2021-12-16 09:31:00,52.2
2021-12-16 09:32:00,52.19
2021-12-16 09:33:00,52.16
2021-12-16 09:34:00,52.14
2021-12-16 09:35:00,52.17
2021-12-16 09:36:00,52.12
2021-12-16 09:37:00,52.15
2021-12-16 09:38:00,52.16
2021-12-16 09:39:00,52.21
2021-12-16 09:40:00,52.19
2021-12-16 09:41:00,52.18
2021-12-16 09:42:00,52.14
2021-12-16 09:43:00,52.18
2021-12-16 09:44:00,52.16
2021-12-16 09:45:00,52.17
2021-12-16 09:46:00,52.19
2021-12-16 09:47:00,52.3
2021-12-16 09:48:00,52.28
2021-12-16 09:49:00,52.29
2021-12-16 09:50:00,52.27
2021-12-16 09:51:00,52.3
2021-12-16 09:52:00,52.29
2021-12-16 09:53:00,52.3
2021-12-16 09:54:00,52.35
2021-12-16 09:55:00,52.32
2021-12-16 09:56:00,52.31
2021-12-16 09:57:00,52.27
2021-12-16 09:58:00,52.27
2021-12-16 09:59:00,52.31
2021-12-16 10:00:00,52.3
2021-12-16 10:01:00,52.33
2021-12-16 10:02:00,52.43
2021-12-16 10:03:00,52.38
2021-12-16 10:04:00,52.35
2021-12-16 10:05:00,52.39
2021-12-16 10:06:00,52.43
2021-12-16 10:07:00,52.38
2021-12-16 10:08:00,52.42
2021-12-16 10:09:00,52.43
2021-12-16 10:10:00,52.4
2021-12-16 10:11:00,52.38
2021-12-16 10:12:00,52.39
2021-12-16 10:13:00,52.41
2021-12-16 10:14:00,52.42
2021-12-16 10:15:00,52.41
2021-12-16 10:16:00,52.37
2021-12-16 10:17:00,52.37
2021-12-16 10:18:00,52.35
2021-12-16 10:19:00,52.35
2021-12-16 10:21:00,52.35
2021-12-16 10:22:00,52.32
2021-12-16 10:23:00,52.33
2021-12-16 10:24:00,52.36
2021-12-16 10:25:00,52.35
2021-12-16 10:26:00,52.37
2021-12-16 10:27:00,52.37
2021-12-16 10:28:00,52.4
2021-12-16 10:29:00,52.42
2021-12-16 10:30:00,52.42
2021-12-16 10:31:00,52.42
2021-12-16 10:32:00,52.41
2021-12-16 10:33:00,52.43
2021-12-16 10:34:00,52.42
2021-12-16 10:35:00,52.43
2021-12-16 10:36:00,52.44
2021-12-16 10:38:00,52.41
2021-12-16 10:39:00,52.39
2021-12-16 10:40:00,52.41
2021-12-16 10:41:00,52.45
2021-12-16 10:42:00,52.48
2021-12-16 10:43:00,52.48
2021-12-16 10:44:00,52.49
2021-12-16 10:45:00,52.51
2021-12-16 10:46:00,52.51
2021-12-16 10:47:00,52.52
2021-12-16 10:48:00,52.53
2021-12-16 10:49:00,52.52
2021-12-16 10:50:00,52.52
2021-12-16 10:51:00,52.54
2021-12-16 10:52:00,52.59
2021-12-16 10:53:00,52.54
2021-12-16 10:55:00,52.47
2021-12-16 10:56:00,52.45
2021-12-16 10:57:00,52.45
2021-12-16 10:58:00,52.46
2021-12-16 10:59:00,52.46
2021-12-16 11:00:00,52.44
2021-12-16 11:01:00,52.44
2021-12-16 11:02:00,52.43
2021-12-16 11:03:00,52.4
2021-12-16 11:04:00,52.43
2021-12-16 11:05:00,52.43
2021-12-16 11:06:00,52.43
2021-12-16 11:07:00,52.41
2021-12-16 11:08:00,52.42
2021-12-16 11:09:00,52.4
2021-12-16 11:10:00,52.39
2021-12-16 11:11:00,52.39
2021-12-16 11:12:00,52.41
2021-12-16 11:13:00,52.43
2021-12-16 11:14:00,52.43
2021-12-16 11:15:00,52.41
2021-12-16 11:16:00,52.42
2021-12-16 11:17:00,52.42
2021-12-16 11:19:00,52.43
2021-12-16 11:20:00,52.45
2021-12-16 11:21:00,52.49
2021-12-16 11:22:00,52.51
2021-12-16 11:23:00,52.55
2021-12-16 11:24:00,52.57
2021-12-16 11:25:00,52.59
2021-12-16 11:26:00,52.57
2021-12-16 11:28:00,52.56
2021-12-16 11:29:00,52.59
2021-12-16 11:30:00,52.56
2021-12-16 11:31:00,52.57
2021-12-16 11:32:00,52.59
2021-12-16 11:33:00,52.61
2021-12-16 11:34:00,52.61
2021-12-16 11:35:00,52.61
2021-12-16 11:36:00,52.62
2021-12-16 11:38:00,52.67
2021-12-16 11:39:00,52.61
2021-12-16 11:43:00,52.58
2021-12-16 11:44:00,52.57
2021-12-16 11:45:00,52.56
2021-12-16 11:46:00,52.54
2021-12-16 11:47:00,52.53
2021-12-16 11:48:00,52.55
2021-12-16 11:49:00,52.56
2021-12-16 11:50:00,52.53
2021-12-16 11:55:00,52.55
2021-12-16 11:56:00,52.59
2021-12-16 11:57:00,52.58
2021-12-16 11:58:00,52.61
2021-12-16 11:59:00,52.56
2021-12-16 12:00:00,52.58
2021-12-16 12:01:00,52.53
2021-12-16 12:02:00,52.51
2021-12-16 12:03:00,52.49
2021-12-16 12:04:00,52.48
2021-12-16 12:05:00,52.48
2021-12-16 12:06:00,52.47
2021-12-16 12:07:00,52.49
2021-12-16 12:08:00,52.51
2021-12-16 12:10:00,52.53
2021-12-16 12:12:00,52.55
2021-12-16 12:13:00,52.54
2021-12-16 12:14:00,52.53
2021-12-16 12:15:00,52.55
2021-12-16 12:16:00,52.55
2021-12-16 12:17:00,52.56
2021-12-16 12:18:00,52.58
2021-12-16 12:19:00,52.56
2021-12-16 12:20:00,52.62
2021-12-16 12:21:00,52.61
2021-12-16 12:22:00,52.66
2021-12-16 12:23:00,52.65
2021-12-16 12:24:00,52.67
2021-12-16 12:25:00,52.65
2021-12-16 12:26:00,52.68
2021-12-16 12:27:00,52.69
2021-12-16 12:28:00,52.69
2021-12-16 12:30:00,52.69
2021-12-16 12:31:00,52.7
2021-12-16 12:32:00,52.73
2021-12-16 12:33:00,52.71
2021-12-16 12:34:00,52.73
2021-12-16 12:35:00,52.71
2021-12-16 12:36:00,52.7
2021-12-16 12:37:00,52.69
2021-12-16 12:38:00,52.71
2021-12-16 12:39:00,52.71
2021-12-16 12:40:00,52.71
2021-12-16 12:41:00,52.72
2021-12-16 12:42:00,52.75
2021-12-16 12:43:00,52.73
2021-12-16 12:44:00,52.75
2021-12-16 12:45:00,52.74
2021-12-16 12:46:00,52.73
2021-12-16 12:47:00,52.74
2021-12-16 12:48:00,52.69
2021-12-16 12:49:00,52.68
2021-12-16 12:50:00,52.7
2021-12-16 12:51:00,52.67
2021-12-16 12:53:00,52.66
2021-12-16 12:54:00,52.66
2021-12-16 12:55:00,52.67
2021-12-16 12:56:00,52.67
2021-12-16 12:57:00,52.65
2021-12-16 12:59:00,52.67
2021-12-16 13:00:00,52.67
2021-12-16 13:02:00,52.66
2021-12-16 13:03:00,52.56
2021-12-16 13:04:00,52.59
2021-12-16 13:05:00,52.66
2021-12-16 13:07:00,52.63
2021-12-16 13:08:00,52.68
2021-12-16 13:09:00,52.64
2021-12-16 13:10:00,52.66
2021-12-16 13:11:00,52.69
2021-12-16 13:13:00,52.71
2021-12-16 13:14:00,52.73
2021-12-16 13:15:00,52.77
2021-12-16 13:16:00,52.82
2021-12-16 13:17:00,52.81
2021-12-16 13:18:00,52.85
2021-12-16 13:19:00,52.85
2021-12-16 13:20:00,52.88
2021-12-16 13:21:00,52.87
2021-12-16 13:22:00,52.89
2021-12-16 13:23:00,52.87
2021-12-16 13:24:00,52.87
2021-12-16 13:26:00,52.89
2021-12-16 13:27:00,52.85
2021-12-16 13:28:00,52.86
2021-12-16 13:29:00,52.85
2021-12-16 13:30:00,52.85
2021-12-16 13:31:00,52.85
2021-12-16 13:32:00,52.86
2021-12-16 13:33:00,52.85
2021-12-16 13:34:00,52.87
2021-12-16 13:35:00,52.87
2021-12-16 13:36:00,52.84
2021-12-16 13:37:00,52.82
2021-12-16 13:38:00,52.82
2021-12-16 13:39:00,52.81
2021-12-16 13:40:00,52.79
2021-12-16 13:42:00,52.77
2021-12-16 13:43:00,52.79
2021-12-16 13:44:00,52.77
2021-12-16 13:45:00,52.74
2021-12-16 13:46:00,52.7
2021-12-16 13:47:00,52.75
2021-12-16 13:49:00,52.74
2021-12-16 13:51:00,52.75
2021-12-16 13:52:00,52.78
2021-12-16 13:53:00,52.8
2021-12-16 13:54:00,52.79
2021-12-16 13:56:00,52.83
2021-12-16 13:57:00,52.82
2021-12-16 13:58:00,52.82
2021-12-16 13:59:00,52.71
2021-12-16 14:00:00,52.7
2021-12-16 14:01:00,52.69
2021-12-16 14:02:00,52.73
2021-12-16 14:03:00,52.74
2021-12-16 14:04:00,52.73
2021-12-16 14:05:00,52.71
2021-12-16 14:06:00,52.75
2021-12-16 14:08:00,52.77
2021-12-16 14:09:00,52.75
2021-12-16 15:02:00,52.53
2021-12-16 15:04:00,52.52
2021-12-16 15:05:00,52.53
2021-12-16 15:06:00,52.52
2021-12-16 15:07:00,52.53
2021-12-16 15:08:00,52.55
2021-12-16 15:09:00,52.51
2021-12-16 15:10:00,52.54
2021-12-16 15:11:00,52.46
2021-12-16 15:12:00,52.48
2021-12-16 15:13:00,52.47
2021-12-16 15:14:00,52.47
2021-12-16 15:15:00,52.45
2021-12-16 15:16:00,52.43
2021-12-16 15:17:00,52.43
2021-12-16 15:18:00,52.43
2021-12-16 15:19:00,52.45
2021-12-16 15:20:00,52.47
2021-12-16 15:21:00,52.51
2021-12-16 15:22:00,52.51
2021-12-16 15:23:00,52.49
2021-12-16 15:24:00,52.51
2021-12-16 15:25:00,52.5
2021-12-16 15:26:00,52.49
2021-12-16 15:28:00,52.48
2021-12-16 15:29:00,52.5
2021-12-16 15:30:00,52.52
2021-12-16 15:31:00,52.53
2021-12-16 15:32:00,52.56
2021-12-16 15:33:00,52.53
2021-12-16 15:34:00,52.51
2021-12-16 15:35:00,52.52
2021-12-16 15:36:00,52.56
2021-12-16 15:37:00,52.53
2021-12-16 15:38:00,52.57
2021-12-16 15:39:00,52.56
2021-12-16 15:40:00,52.57
2021-12-16 15:41:00,52.57
2021-12-16 15:42:00,52.55
2021-12-16 15:43:00,52.53
2021-12-16 15:44:00,52.54
2021-12-16 15:45:00,52.53
2021-12-16 15:46:00,52.58
2021-12-16 15:47:00,52.6
2021-12-16 15:48:00,52.61
2021-12-16 15:49:00,52.67
2021-12-16 15:50:00,52.65
2021-12-16 15:51:00,52.57
2021-12-16 15:52:00,52.55
2021-12-16 15:53:00,52.51
2021-12-16 15:54:00,52.5
2021-12-16 15:55:00,52.47
2021-12-16 15:56:00,52.44
2021-12-16 15:57:00,52.44
2021-12-16 15:58:00,52.37
2021-12-16 15:59:00,52.35
2021-12-16 16:00:00,52.36
2021-12-16 16:01:00,52.34
2021-12-16 16:02:00,52.28
2021-12-16 16:03:00,52.22
2021-12-16 16:04:00,52.25
2021-12-16 16:05:00,52.25
2021-12-16 16:06:00,52.24
2021-12-16 16:07:00,52.24
2021-12-16 16:08:00,52.24
2021-12-16 16:09:00,52.23
2021-12-16 16:10:00,52.21
2021-12-16 16:11:00,52.23
2021-12-16 16:12:00,52.24
2021-12-16 16:13:00,52.21
2021-12-16 16:14:00,52.17
2021-12-16 16:15:00,52.23
2021-12-16 16:16:00,52.22
2021-12-16 16:18:00,52.21
2021-12-16 16:19:00,52.19
2021-12-16 16:20:00,52.25
2021-12-16 16:21:00,52.26
2021-12-16 16:22:00,52.26
2021-12-16 16:23:00,52.27
2021-12-16 16:24:00,52.29
2021-12-16 16:25:00,52.29
2021-12-16 16:26:00,52.31
2021-12-16 16:27:00,52.33
2021-12-16 16:28:00,52.35
2021-12-16 16:29:00,52.33
2021-12-16 16:30:00,52.34
2021-12-16 16:31:00,52.34
2021-12-16 16:32:00,52.33
2021-12-16 16:33:00,52.31
2021-12-16 16:34:00,52.33
2021-12-16 16:35:00,52.31
2021-12-16 16:36:00,52.31
2021-12-16 16:37:00,52.31
2021-12-16 16:40:00,52.27
2021-12-16 16:42:00,52.27
2021-12-16 16:43:00,52.28
2021-12-16 16:44:00,52.27
2021-12-16 16:46:00,52.27
2021-12-16 16:47:00,52.24
2021-12-16 16:48:00,52.2
2021-12-16 16:49:00,52.23
2021-12-16 16:50:00,52.23
2021-12-16 16:51:00,52.24
2021-12-16 16:52:00,52.21
2021-12-16 16:53:00,52.2
2021-12-16 16:54:00,52.2
2021-12-16 16:55:00,52.21
2021-12-16 16:56:00,52.2
2021-12-16 17:00:00,52.19
2021-12-16 17:01:00,52.19
2021-12-16 17:02:00,52.16
2021-12-16 17:03:00,52.17
2021-12-16 17:04:00,52.17
2021-12-16 17:05:00,52.13
2021-12-16 17:06:00,52.1
2021-12-16 17:07:00,52.11
2021-12-16 17:08:00,52.1
2021-12-16 17:09:00,52.09
2021-12-16 17:10:00,52.09
2021-12-16 17:12:00,52.05
2021-12-16 17:15:00,52.03
2021-12-16 17:16:00,51.99
2021-12-16 17:17:00,52
2021-12-16 17:18:00,52.05
2021-12-16 17:19:00,52.07
2021-12-17 09:10:00,52.2
2021-12-17 09:11:00,52.29
2021-12-17 09:12:00,52.22
2021-12-17 09:13:00,52.21
2021-12-17 09:14:00,52.14
2021-12-17 09:15:00,52.21
2021-12-17 09:16:00,52.21
2021-12-17 09:17:00,52.25
2021-12-17 09:19:00,52.21
2021-12-17 09:20:00,52.18
2021-12-17 09:21:00,52.19
2021-12-17 09:22:00,52.21
2021-12-17 09:23:00,52.2
2021-12-17 09:24:00,52.21
2021-12-17 09:25:00,52.21
2021-12-17 09:26:00,52.21
2021-12-17 09:27:00,52.24
2021-12-17 09:28:00,52.3
2021-12-17 09:29:00,52.34
2021-12-17 09:30:00,52.4
2021-12-17 09:31:00,52.46
2021-12-17 09:32:00,52.55
2021-12-17 09:33:00,52.6
2021-12-17 09:34:00,52.54
2021-12-17 09:35:00,52.54
2021-12-17 09:36:00,52.58
2021-12-17 09:37:00,52.59
2021-12-17 09:38:00,52.73
2021-12-17 09:39:00,52.8
2021-12-17 09:40:00,52.86
2021-12-17 09:41:00,52.88
2021-12-17 09:42:00,52.88
2021-12-17 09:43:00,52.87
2021-12-17 09:45:00,52.87
2021-12-17 09:46:00,52.79
2021-12-17 09:47:00,52.74
2021-12-17 09:48:00,52.71
2021-12-17 09:49:00,52.76
2021-12-17 09:50:00,52.76
2021-12-17 09:51:00,52.76
2021-12-17 09:52:00,52.75
2021-12-17 09:53:00,52.72
2021-12-17 09:54:00,52.73
2021-12-17 09:55:00,52.77
2021-12-17 09:56:00,52.79
2021-12-17 09:57:00,52.83
2021-12-17 09:58:00,52.81
2021-12-17 09:59:00,52.86
2021-12-17 10:00:00,52.84
2021-12-17 10:01:00,52.73
2021-12-17 10:02:00,52.71
2021-12-17 10:03:00,52.7
2021-12-17 10:04:00,52.76
2021-12-17 10:05:00,52.74
2021-12-17 10:06:00,52.67
2021-12-17 10:07:00,52.67
2021-12-17 10:08:00,52.7
2021-12-17 10:09:00,52.68
2021-12-17 10:10:00,52.76
2021-12-17 10:11:00,52.78
2021-12-17 10:12:00,52.75
2021-12-17 10:13:00,52.74
2021-12-17 10:14:00,52.75
2021-12-17 10:15:00,52.7
2021-12-17 10:16:00,52.73
2021-12-17 10:17:00,52.74
2021-12-17 10:18:00,52.72
2021-12-17 10:19:00,52.72
2021-12-17 10:20:00,52.78
2021-12-17 10:21:00,52.78
2021-12-17 10:22:00,52.76
2021-12-17 10:23:00,52.76
2021-12-17 10:24:00,52.84
2021-12-17 10:26:00,52.85
2021-12-17 10:27:00,52.87
2021-12-17 10:28:00,52.89
2021-12-17 10:29:00,52.85
2021-12-17 10:30:00,52.87
2021-12-17 10:31:00,52.86
2021-12-17 10:32:00,52.83
2021-12-17 10:33:00,52.82
2021-12-17 10:34:00,52.82
2021-12-17 10:35:00,52.84
2021-12-17 10:36:00,52.84
2021-12-17 10:37:00,52.86
2021-12-17 10:38:00,52.86
2021-12-17 10:39:00,52.87
2021-12-17 10:40:00,52.86
2021-12-17 10:41:00,52.85
2021-12-17 10:42:00,52.89
2021-12-17 10:43:00,52.9
2021-12-17 10:44:00,52.86
2021-12-17 10:45:00,52.85
2021-12-17 10:46:00,52.86
2021-12-17 10:47:00,52.89
2021-12-17 10:48:00,52.92
2021-12-17 10:49:00,53.01
2021-12-17 10:50:00,53
2021-12-17 10:51:00,53.04
2021-12-17 10:52:00,53.04
2021-12-17 10:53:00,53.05
2021-12-17 10:54:00,53.1
2021-12-17 10:55:00,53.1
2021-12-17 10:56:00,53.12
2021-12-17 10:57:00,53.11
2021-12-17 10:58:00,53.12
2021-12-17 10:59:00,53.07
2021-12-17 11:00:00,53.07
2021-12-17 11:01:00,53.04
2021-12-17 11:02:00,53.09
2021-12-17 11:03:00,53.06
2021-12-17 11:04:00,53.05
2021-12-17 11:05:00,53.04
2021-12-17 11:06:00,53.03
2021-12-17 11:07:00,52.99
2021-12-17 11:08:00,53.02
2021-12-17 11:09:00,53.01
2021-12-17 11:10:00,53
2021-12-17 11:12:00,53.01
2021-12-17 11:13:00,52.99
2021-12-17 11:14:00,53
2021-12-17 11:15:00,52.99
2021-12-17 11:16:00,52.97
2021-12-17 11:17:00,53
2021-12-17 11:18:00,53.01
2021-12-17 11:19:00,53
2021-12-17 11:20:00,53
2021-12-17 11:21:00,53.02
2021-12-17 11:22:00,53.1
2021-12-17 11:23:00,53.13
2021-12-17 11:24:00,53.15
2021-12-17 11:25:00,53.15
2021-12-17 11:26:00,53.16
2021-12-17 11:27:00,53.13
2021-12-17 11:28:00,53.13
2021-12-17 11:29:00,53.09
2021-12-17 11:30:00,53.11
2021-12-17 11:31:00,53.11
2021-12-17 11:32:00,53.21
2021-12-17 11:33:00,53.21
2021-12-17 11:34:00,53.17
2021-12-17 11:35:00,53.15
2021-12-17 11:36:00,53.12
2021-12-17 11:37:00,53.08
2021-12-17 11:38:00,53.1
2021-12-17 11:39:00,53.05
2021-12-17 11:40:00,53.04
2021-12-17 11:41:00,53.01
2021-12-17 11:42:00,53.03
2021-12-17 11:43:00,53
2021-12-17 11:44:00,52.98
2021-12-17 11:45:00,52.97
2021-12-17 11:46:00,53.05
2021-12-17 11:47:00,53.1
2021-12-17 11:48:00,53.16
2021-12-17 11:49:00,53.16
2021-12-17 11:50:00,53.18
2021-12-17 11:51:00,53.2
2021-12-17 11:52:00,53.22
2021-12-17 11:53:00,53.2
2021-12-17 11:54:00,53.19
2021-12-17 11:55:00,53.27
2021-12-17 11:56:00,53.29
2021-12-17 11:57:00,53.28
2021-12-17 11:58:00,53.31
2021-12-17 12:00:00,53.27
2021-12-17 12:01:00,53.32
2021-12-17 12:02:00,53.32
2021-12-17 12:03:00,53.32
2021-12-17 12:04:00,53.24
2021-12-17 12:05:00,53.25
2021-12-17 12:06:00,53.28
2021-12-17 12:07:00,53.27
2021-12-17 12:08:00,53.29
2021-12-17 12:09:00,53.3
2021-12-17 12:10:00,53.31
2021-12-17 12:11:00,53.31
2021-12-17 12:12:00,53.35
2021-12-17 12:13:00,53.34
2021-12-17 12:14:00,53.32
2021-12-17 12:15:00,53.28
2021-12-17 12:16:00,53.27
2021-12-17 12:17:00,53.32
2021-12-17 12:18:00,53.31
2021-12-17 12:19:00,53.29
2021-12-17 12:20:00,53.31
2021-12-17 12:21:00,53.29
2021-12-17 12:22:00,53.33
2021-12-17 12:23:00,53.33
2021-12-17 12:24:00,53.33
2021-12-17 12:25:00,53.37
2021-12-17 12:26:00,53.36
2021-12-17 12:28:00,53.35
2021-12-17 12:29:00,53.36
2021-12-17 12:30:00,53.39
2021-12-17 12:32:00,53.37
2021-12-17 12:33:00,53.36
2021-12-17 12:34:00,53.35
2021-12-17 12:37:00,53.29
2021-12-17 12:38:00,53.22
2021-12-17 12:39:00,53.37
2021-12-17 12:40:00,53.35
2021-12-17 12:41:00,53.38
2021-12-17 12:42:00,53.4
2021-12-17 12:43:00,53.47
2021-12-17 12:44:00,53.47
2021-12-17 12:45:00,53.43
2021-12-17 12:46:00,53.43
2021-12-17 12:47:00,53.41
2021-12-17 12:48:00,53.38
2021-12-17 12:49:00,53.42
2021-12-17 12:50:00,53.42
2021-12-17 12:51:00,53.41
2021-12-17 12:52:00,53.41
2021-12-17 12:54:00,53.42
2021-12-17 12:55:00,53.39
2021-12-17 12:56:00,53.38
2021-12-17 12:57:00,53.39
2021-12-17 12:58:00,53.37
2021-12-17 12:59:00,53.35
2021-12-17 13:00:00,53.42
2021-12-17 13:02:00,53.37
2021-12-17 13:03:00,53.37
2021-12-17 13:05:00,53.37
2021-12-17 13:06:00,53.32
2021-12-17 13:07:00,53.28
2021-12-17 13:08:00,53.32
2021-12-17 13:09:00,53.28
2021-12-17 13:10:00,53.26
2021-12-17 13:11:00,53.32
2021-12-17 13:12:00,53.33
2021-12-17 13:13:00,53.32
2021-12-17 13:14:00,53.31
2021-12-17 13:15:00,53.34
2021-12-17 13:16:00,53.37
2021-12-17 13:17:00,53.36
2021-12-17 13:18:00,53.34
2021-12-17 13:19:00,53.37
2021-12-17 13:20:00,53.36
2021-12-17 13:22:00,53.36
2021-12-17 13:23:00,53.35
2021-12-17 13:24:00,53.37
2021-12-17 13:25:00,53.35
2021-12-17 13:26:00,53.37
2021-12-17 13:27:00,53.34
2021-12-17 13:28:00,53.35
2021-12-17 13:29:00,53.35
2021-12-17 13:30:00,53.37
2021-12-17 13:31:00,53.39
2021-12-17 13:32:00,53.41
2021-12-17 13:33:00,53.44
2021-12-17 13:34:00,53.42
2021-12-17 13:35:00,53.4
2021-12-17 13:36:00,53.39
2021-12-17 13:37:00,53.38
2021-12-17 13:38:00,53.39
2021-12-17 13:39:00,53.42
2021-12-17 13:40:00,53.39
2021-12-17 13:41:00,53.38
2021-12-17 13:42:00,53.27
2021-12-17 13:43:00,53.26
2021-12-17 13:44:00,53.22
2021-12-17 13:45:00,53.28
2021-12-17 13:46:00,53.29
2021-12-17 13:47:00,53.27
2021-12-17 13:48:00,53.25
2021-12-17 13:49:00,53.18
2021-12-17 13:50:00,53.2
2021-12-17 13:51:00,53.15
2021-12-17 13:52:00,53.1
2021-12-17 13:53:00,53.09
2021-12-17 13:54:00,53.13
2021-12-17 13:55:00,53.16
2021-12-17 13:56:00,53.12
2021-12-17 13:59:00,53.12
2021-12-17 14:00:00,53.15
2021-12-17 14:01:00,53.17
2021-12-17 14:02:00,53.2
2021-12-17 14:03:00,53.23
2021-12-17 14:04:00,53.24
2021-12-17 14:05:00,53.2
2021-12-17 14:06:00,53.24
2021-12-17 14:07:00,53.23
2021-12-17 14:08:00,53.19
2021-12-17 14:09:00,53.13
2021-12-17 14:10:00,53.1
2021-12-17 14:11:00,53.12
2021-12-17 14:12:00,53.12
2021-12-17 14:13:00,53.14
2021-12-17 14:14:00,53.15
2021-12-17 14:15:00,53.18
2021-12-17 14:16:00,53.17
2021-12-17 14:17:00,53.19
2021-12-17 14:18:00,53.17
2021-12-17 14:19:00,53.18
2021-12-17 14:20:00,53.19
2021-12-17 14:21:00,53.18
2021-12-17 14:22:00,53.18
2021-12-17 14:23:00,53.19
2021-12-17 14:24:00,53.21
2021-12-17 14:25:00,53.17
2021-12-17 14:26:00,53.22
2021-12-17 14:27:00,53.2
2021-12-17 14:30:00,53.18
2021-12-17 14:31:00,53.19
2021-12-17 14:32:00,53.19
2021-12-17 14:33:00,53.21
2021-12-17 14:34:00,53.21
2021-12-17 14:35:00,53.21
2021-12-17 14:36:00,53.23
2021-12-17 14:37:00,53.19
2021-12-17 14:38:00,53.16
2021-12-17 14:39:00,53.2
2021-12-17 14:40:00,53.16
2021-12-17 14:41:00,53.17
2021-12-17 14:42:00,53.16
2021-12-17 14:43:00,53.22
2021-12-17 14:44:00,53.19
2021-12-17 14:45:00,53.22
2021-12-17 14:46:00,53.17
2021-12-17 14:48:00,53.14
2021-12-17 14:49:00,53.12
2021-12-17 14:51:00,53.11
2021-12-17 14:52:00,53.05
2021-12-17 14:54:00,53.07
2021-12-17 14:55:00,53.09
2021-12-17 14:56:00,53.08
2021-12-17 14:57:00,53.09
2021-12-17 14:58:00,53.08
2021-12-17 15:00:00,53.11
2021-12-17 15:01:00,53.06
2021-12-17 15:02:00,53.01
2021-12-17 15:05:00,52.98
2021-12-17 15:06:00,52.95
2021-12-17 15:09:00,52.94
2021-12-17 15:10:00,52.94
2021-12-17 15:11:00,52.95
2021-12-17 15:13:00,52.91
2021-12-17 15:14:00,52.91
2021-12-17 15:15:00,52.91
2021-12-17 15:16:00,52.94
2021-12-17 15:17:00,52.98
2021-12-17 15:18:00,52.97
2021-12-17 15:19:00,52.96
2021-12-17 15:20:00,52.97
2021-12-17 15:21:00,52.94
2021-12-17 15:22:00,52.96
2021-12-17 15:23:00,52.97
2021-12-17 15:24:00,52.97
2021-12-17 15:25:00,52.99
2021-12-17 15:26:00,53
2021-12-17 15:27:00,52.97
2021-12-17 15:28:00,52.92
2021-12-17 15:29:00,52.9
2021-12-17 15:30:00,52.92
2021-12-17 15:31:00,52.8
2021-12-17 15:32:00,52.73
2021-12-17 15:33:00,52.64
2021-12-17 15:34:00,52.64
2021-12-17 15:35:00,52.65
2021-12-17 15:36:00,52.61
2021-12-17 15:37:00,52.56
2021-12-17 15:38:00,52.51
2021-12-17 15:39:00,52.52
2021-12-17 15:40:00,52.49
2021-12-17 15:41:00,52.51
2021-12-17 15:42:00,52.42
2021-12-17 15:43:00,52.45
2021-12-17 15:44:00,52.39
2021-12-17 15:45:00,52.32
2021-12-17 15:46:00,52.37
2021-12-17 15:47:00,52.43
2021-12-17 15:48:00,52.43
2021-12-17 15:49:00,52.39
2021-12-17 15:50:00,52.42
2021-12-17 15:51:00,52.42
2021-12-17 15:52:00,52.42
2021-12-17 15:53:00,52.37
2021-12-17 15:54:00,52.31
2021-12-17 15:55:00,52.31
2021-12-17 15:56:00,52.29
2021-12-17 15:57:00,52.22
2021-12-17 15:58:00,52.26
2021-12-17 15:59:00,52.25
2021-12-17 16:00:00,52.26
2021-12-17 16:01:00,52.31
2021-12-17 16:02:00,52.31
2021-12-17 16:03:00,52.31
2021-12-17 16:04:00,52.32
2021-12-17 16:05:00,52.29
2021-12-17 16:06:00,52.32
2021-12-17 16:07:00,52.33
2021-12-17 16:08:00,52.26
2021-12-17 16:09:00,52.23
2021-12-17 16:10:00,52.21
2021-12-17 16:11:00,52.23
2021-12-17 16:12:00,52.18
2021-12-17 16:13:00,52.17
2021-12-17 16:14:00,52.12
2021-12-17 16:15:00,52.12
2021-12-17 16:16:00,52.14
2021-12-17 16:17:00,52.17
2021-12-17 16:18:00,52.13
2021-12-17 16:19:00,52.19
2021-12-17 16:20:00,52.17
2021-12-17 16:21:00,52.18
2021-12-17 16:22:00,52.22
2021-12-17 16:23:00,52.23
2021-12-17 16:24:00,52.21
2021-12-17 16:25:00,52.23
2021-12-17 16:26:00,52.17
2021-12-17 16:27:00,52.19
2021-12-17 16:28:00,52.23
2021-12-17 16:29:00,52.25
2021-12-17 16:30:00,52.26
2021-12-17 16:31:00,52.19
2021-12-17 16:32:00,52.18
2021-12-17 16:33:00,52.19
2021-12-17 16:34:00,52.26
2021-12-17 16:35:00,52.25
2021-12-17 16:36:00,52.27
2021-12-17 16:37:00,52.27
2021-12-17 16:38:00,52.26
2021-12-17 16:39:00,52.27
2021-12-17 16:40:00,52.25
2021-12-17 16:41:00,52.25
2021-12-17 16:42:00,52.21
2021-12-17 16:43:00,52.22
2021-12-17 16:45:00,52.24
2021-12-17 16:46:00,52.23
2021-12-17 16:47:00,52.23
2021-12-17 16:48:00,52.25
2021-12-17 16:49:00,52.27
2021-12-17 16:50:00,52.38
2021-12-17 16:51:00,52.33
2021-12-17 16:52:00,52.34
2021-12-17 16:53:00,52.38
2021-12-17 16:54:00,52.36
2021-12-17 16:55:00,52.4
2021-12-17 16:56:00,52.36
2021-12-17 16:57:00,52.35
2021-12-17 16:58:00,52.35
2021-12-17 16:59:00,52.32
2021-12-17 17:00:00,52.27
2021-12-17 17:01:00,52.27
2021-12-17 17:02:00,52.3
2021-12-17 17:03:00,52.3
2021-12-17 17:04:00,52.28
2021-12-17 17:05:00,52.28
2021-12-17 17:06:00,52.27
2021-12-17 17:07:00,52.3
2021-12-17 17:08:00,52.31
2021-12-17 17:10:00,52.32
2021-12-17 17:11:00,52.29
2021-12-17 17:12:00,52.27
2021-12-17 17:13:00,52.29
2021-12-17 17:14:00,52.29
2021-12-17 17:15:00,52.27
2021-12-17 17:16:00,52.25
2021-12-17 17:17:00,52.29
2021-12-17 17:18:00,52.25
2021-12-17 17:19:00,52.25
2021-12-20 09:11:00,50.73
2021-12-20 09:12:00,50.65
2021-12-20 09:13:00,50.71
2021-12-20 09:14:00,50.7
2021-12-20 09:15:00,50.71
2021-12-20 09:16:00,50.8
2021-12-20 09:17:00,50.81
2021-12-20 09:18:00,50.92
2021-12-20 09:19:00,50.87
2021-12-20 09:20:00,50.89
2021-12-20 09:21:00,50.85
2021-12-20 09:22:00,50.8
2021-12-20 09:23:00,50.72
2021-12-20 09:24:00,50.74
2021-12-20 09:25:00,50.71
2021-12-20 09:26:00,50.82
2021-12-20 09:27:00,50.85
2021-12-20 09:28:00,50.93
2021-12-20 09:29:00,50.92
2021-12-20 09:30:00,50.95
2021-12-20 09:31:00,50.86
2021-12-20 09:32:00,50.89
2021-12-20 09:33:00,50.88
2021-12-20 09:34:00,50.86
2021-12-20 09:35:00,50.86
2021-12-20 09:36:00,50.87
2021-12-20 09:37:00,50.82
2021-12-20 09:38:00,50.8
2021-12-20 09:39:00,50.77
2021-12-20 09:40:00,50.79
2021-12-20 09:41:00,50.75
2021-12-20 09:42:00,50.7
2021-12-20 09:43:00,50.64
2021-12-20 09:44:00,50.79
2021-12-20 09:45:00,50.76
2021-12-20 09:46:00,50.82
2021-12-20 09:47:00,50.79
2021-12-20 09:48:00,50.82
2021-12-20 09:49:00,50.77
2021-12-20 09:50:00,50.78
2021-12-20 09:51:00,50.72
2021-12-20 09:52:00,50.64
2021-12-20 09:53:00,50.63
2021-12-20 09:54:00,50.68
2021-12-20 09:55:00,50.74
2021-12-20 09:56:00,50.72
2021-12-20 09:57:00,50.54
2021-12-20 09:58:00,50.55
2021-12-20 09:59:00,50.56
2021-12-20 10:00:00,50.63
2021-12-20 10:01:00,50.63
2021-12-20 10:02:00,50.7
2021-12-20 10:03:00,50.66
2021-12-20 10:04:00,50.67
2021-12-20 10:05:00,50.74
2021-12-20 10:06:00,50.72
2021-12-20 10:07:00,50.66
2021-12-20 10:08:00,50.72
2021-12-20 10:09:00,50.7
2021-12-20 10:10:00,50.75
2021-12-20 10:11:00,50.74
2021-12-20 10:12:00,50.74
2021-12-20 10:13:00,50.72
2021-12-20 10:14:00,50.7
2021-12-20 10:15:00,50.72
2021-12-20 10:16:00,50.68
2021-12-20 10:17:00,50.69
2021-12-20 10:18:00,50.75
2021-12-20 10:19:00,50.79
2021-12-20 10:20:00,50.76
2021-12-20 10:21:00,50.74
2021-12-20 10:22:00,50.77
2021-12-20 10:23:00,50.76
2021-12-20 10:24:00,50.75
2021-12-20 10:25:00,50.8
2021-12-20 10:26:00,50.75
2021-12-20 10:27:00,50.74
2021-12-20 10:28:00,50.76
2021-12-20 10:29:00,50.81
2021-12-20 10:30:00,50.82
2021-12-20 10:31:00,50.83
2021-12-20 10:32:00,50.83
2021-12-20 10:33:00,50.85
2021-12-20 10:34:00,50.86
2021-12-20 10:35:00,50.86
2021-12-20 10:36:00,50.86
2021-12-20 10:37:00,50.87
2021-12-20 10:38:00,50.88
2021-12-20 10:39:00,50.84
2021-12-20 10:40:00,50.87
2021-12-20 10:41:00,50.86
2021-12-20 10:42:00,50.84
2021-12-20 10:43:00,50.86
2021-12-20 10:44:00,50.88
2021-12-20 10:45:00,50.88
2021-12-20 10:46:00,50.92
2021-12-20 10:47:00,50.94
2021-12-20 10:48:00,50.95
2021-12-20 10:49:00,50.94
2021-12-20 10:50:00,50.9
2021-12-20 10:51:00,50.85
2021-12-20 10:52:00,50.84
2021-12-20 10:53:00,50.84
2021-12-20 10:54:00,50.87
2021-12-20 10:55:00,50.89
2021-12-20 10:56:00,50.89
2021-12-20 10:57:00,50.92
2021-12-20 10:58:00,50.9
2021-12-20 10:59:00,50.97
2021-12-20 11:00:00,50.96
2021-12-20 11:01:00,51.03
2021-12-20 11:02:00,51.04
2021-12-20 11:03:00,51.11
2021-12-20 11:04:00,51.08
2021-12-20 11:05:00,51.1
2021-12-20 11:06:00,51.11
2021-12-20 11:07:00,51.14
2021-12-20 11:08:00,51.23
2021-12-20 11:09:00,51.24
2021-12-20 11:10:00,51.29
2021-12-20 11:11:00,51.29
2021-12-20 11:12:00,51.3
2021-12-20 11:13:00,51.31
2021-12-20 11:14:00,51.28
2021-12-20 11:15:00,51.28
2021-12-20 11:16:00,51.3
2021-12-20 11:17:00,51.31
2021-12-20 11:18:00,51.31
2021-12-20 11:19:00,51.33
2021-12-20 11:20:00,51.33
2021-12-20 11:21:00,51.31
2021-12-20 11:22:00,51.38
2021-12-20 11:23:00,51.37
2021-12-20 11:24:00,51.33
2021-12-20 11:25:00,51.36
2021-12-20 11:26:00,51.37
2021-12-20 11:27:00,51.41
2021-12-20 11:28:00,51.41
2021-12-20 11:29:00,51.46
2021-12-20 11:30:00,51.48
2021-12-20 11:31:00,51.45
2021-12-20 11:32:00,51.42
2021-12-20 11:33:00,51.4
2021-12-20 11:34:00,51.36
2021-12-20 11:35:00,51.37
2021-12-20 11:36:00,51.35
2021-12-20 11:37:00,51.37
2021-12-20 11:38:00,51.34
2021-12-20 11:39:00,51.35
2021-12-20 11:40:00,51.35
2021-12-20 11:41:00,51.37
2021-12-20 11:42:00,51.43
2021-12-20 11:43:00,51.48
2021-12-20 11:44:00,51.5
2021-12-20 11:45:00,51.43
2021-12-20 11:46:00,51.42
2021-12-20 11:47:00,51.39
2021-12-20 11:48:00,51.37
2021-12-20 11:49:00,51.37
2021-12-20 11:50:00,51.41
2021-12-20 11:51:00,51.35
2021-12-20 11:52:00,51.33
2021-12-20 11:53:00,51.33
2021-12-20 11:54:00,51.34
2021-12-20 11:55:00,51.35
2021-12-20 11:56:00,51.32
2021-12-20 11:57:00,51.32
2021-12-20 11:58:00,51.29
2021-12-20 11:59:00,51.25
2021-12-20 12:00:00,51.26
2021-12-20 12:01:00,51.22
2021-12-20 12:02:00,51.21
2021-12-20 12:03:00,51.19
2021-12-20 12:04:00,51.19
2021-12-20 12:05:00,51.19
2021-12-20 12:06:00,51.15
2021-12-20 12:07:00,51.16
2021-12-20 12:08:00,51.17
2021-12-20 12:09:00,51.16
2021-12-20 12:10:00,51.19
2021-12-20 12:11:00,51.22
2021-12-20 12:12:00,51.23
2021-12-20 12:13:00,51.19
2021-12-20 12:14:00,51.19
2021-12-20 12:15:00,51.23
2021-12-20 12:16:00,51.21
2021-12-20 12:17:00,51.22
2021-12-20 12:18:00,51.24
2021-12-20 12:19:00,51.23
2021-12-20 12:20:00,51.27
2021-12-20 12:21:00,51.25
2021-12-20 12:22:00,51.27
2021-12-20 12:23:00,51.29
2021-12-20 12:25:00,51.27
2021-12-20 12:26:00,51.26
2021-12-20 12:27:00,51.25
2021-12-20 12:28:00,51.26
2021-12-20 12:29:00,51.28
2021-12-20 12:30:00,51.28
2021-12-20 12:31:00,51.29
2021-12-20 12:32:00,51.3
2021-12-20 12:33:00,51.3
2021-12-20 12:34:00,51.3
2021-12-20 12:35:00,51.31
2021-12-20 12:36:00,51.29
2021-12-20 12:37:00,51.3
2021-12-20 12:38:00,51.28
2021-12-20 12:39:00,51.25
2021-12-20 12:40:00,51.25
2021-12-20 12:41:00,51.25
2021-12-20 12:42:00,51.27
2021-12-20 12:43:00,51.24
2021-12-20 12:44:00,51.27
2021-12-20 12:45:00,51.28
2021-12-20 12:46:00,51.29
2021-12-20 12:47:00,51.31
2021-12-20 12:48:00,51.31
2021-12-20 12:49:00,51.31
2021-12-20 12:50:00,51.31
2021-12-20 12:52:00,51.29
2021-12-20 12:53:00,51.29
2021-12-20 12:55:00,51.32
2021-12-20 12:56:00,51.34
2021-12-20 12:57:00,51.38
2021-12-20 12:58:00,51.41
2021-12-20 12:59:00,51.41
2021-12-20 13:00:00,51.39
2021-12-20 13:01:00,51.4
2021-12-20 13:02:00,51.39
2021-12-20 13:03:00,51.39
2021-12-20 13:04:00,51.4
2021-12-20 13:05:00,51.4
2021-12-20 13:06:00,51.41
2021-12-20 13:07:00,51.45
2021-12-20 13:08:00,51.45
2021-12-20 13:09:00,51.42
2021-12-20 13:10:00,51.44
2021-12-20 13:11:00,51.4
2021-12-20 13:12:00,51.38
2021-12-20 13:13:00,51.41
2021-12-20 13:14:00,51.43
2021-12-20 13:15:00,51.41
2021-12-20 13:16:00,51.38
2021-12-20 13:17:00,51.35
2021-12-20 13:18:00,51.31
2021-12-20 13:19:00,51.31
2021-12-20 13:20:00,51.31
2021-12-20 13:21:00,51.31
2021-12-20 13:22:00,51.32
2021-12-20 13:23:00,51.32
2021-12-20 13:24:00,51.33
2021-12-20 13:25:00,51.34
2021-12-20 13:26:00,51.33
2021-12-20 13:27:00,51.33
2021-12-20 13:28:00,51.32
2021-12-20 13:29:00,51.33
2021-12-20 13:30:00,51.29
2021-12-20 13:31:00,51.3
2021-12-20 13:33:00,51.29
2021-12-20 13:34:00,51.29
2021-12-20 13:35:00,51.31
2021-12-20 13:36:00,51.28
2021-12-20 13:37:00,51.28
2021-12-20 13:38:00,51.28
2021-12-20 13:39:00,51.27
2021-12-20 13:40:00,51.25
2021-12-20 13:41:00,51.24
2021-12-20 13:42:00,51.13
2021-12-20 13:43:00,51.12
2021-12-20 13:44:00,51.15
2021-12-20 13:46:00,51.16
2021-12-20 13:47:00,51.05
2021-12-20 13:48:00,51.02
2021-12-20 13:49:00,51.03
2021-12-20 13:50:00,51.03
2021-12-20 13:51:00,51.03
2021-12-20 13:52:00,51.02
2021-12-20 13:53:00,51
2021-12-20 13:54:00,50.99
2021-12-20 13:55:00,50.97
2021-12-20 13:56:00,50.96
2021-12-20 13:57:00,50.94
2021-12-20 13:58:00,50.96
2021-12-20 13:59:00,50.93
2021-12-20 14:00:00,50.91
2021-12-20 14:01:00,50.97
2021-12-20 14:02:00,50.91
2021-12-20 14:03:00,50.85
2021-12-20 14:04:00,50.85
2021-12-20 14:05:00,50.87
2021-12-20 14:06:00,50.93
2021-12-20 14:07:00,50.95
2021-12-20 14:08:00,50.91
2021-12-20 14:09:00,50.93
2021-12-20 14:10:00,50.91
2021-12-20 14:11:00,50.92
2021-12-20 14:12:00,50.91
2021-12-20 14:13:00,50.91
2021-12-20 14:14:00,50.84
2021-12-20 14:15:00,50.87
2021-12-20 14:16:00,50.87
2021-12-20 14:17:00,50.86
2021-12-20 14:18:00,50.85
2021-12-20 14:19:00,50.84
2021-12-20 14:20:00,50.82
2021-12-20 14:21:00,50.84
2021-12-20 14:22:00,50.86
2021-12-20 14:23:00,50.86
2021-12-20 14:24:00,50.89
2021-12-20 14:25:00,50.89
2021-12-20 14:26:00,50.91
2021-12-20 14:27:00,50.91
2021-12-20 14:28:00,50.93
2021-12-20 14:29:00,50.93
2021-12-20 14:30:00,50.92
2021-12-20 14:31:00,50.93
2021-12-20 14:32:00,50.92
2021-12-20 14:33:00,50.93
2021-12-20 14:34:00,50.94
2021-12-20 14:35:00,50.95
2021-12-20 14:36:00,50.94
2021-12-20 14:38:00,50.91
2021-12-20 14:39:00,50.92
2021-12-20 14:40:00,50.91
2021-12-20 14:41:00,50.89
2021-12-20 14:42:00,50.89
2021-12-20 14:43:00,50.89
2021-12-20 14:44:00,50.89
2021-12-20 14:45:00,50.85
2021-12-20 14:46:00,50.83
2021-12-20 14:47:00,50.84
2021-12-20 14:48:00,50.83
2021-12-20 14:49:00,50.77
2021-12-20 14:50:00,50.79
2021-12-20 14:51:00,50.78
2021-12-20 14:52:00,50.75
2021-12-20 14:53:00,50.75
2021-12-20 14:54:00,50.77
2021-12-20 14:55:00,50.76
2021-12-20 14:56:00,50.77
2021-12-20 14:57:00,50.75
2021-12-20 14:58:00,50.73
2021-12-20 14:59:00,50.77
2021-12-20 15:00:00,50.76
2021-12-20 15:01:00,50.72
2021-12-20 15:02:00,50.74
2021-12-20 15:03:00,50.79
2021-12-20 15:04:00,50.78
2021-12-20 15:05:00,50.77
2021-12-20 15:06:00,50.78
2021-12-20 15:07:00,50.79
2021-12-20 15:08:00,50.81
2021-12-20 15:09:00,50.85
2021-12-20 15:10:00,50.86
2021-12-20 15:11:00,50.85
2021-12-20 15:12:00,50.85
2021-12-20 15:13:00,50.86
2021-12-20 15:14:00,50.91
2021-12-20 15:15:00,50.93
2021-12-20 15:16:00,50.93
2021-12-20 15:17:00,50.93
2021-12-20 15:21:00,50.93
2021-12-20 15:22:00,50.97
2021-12-20 15:23:00,50.99
2021-12-20 15:24:00,50.99
2021-12-20 15:25:00,50.98
2021-12-20 15:26:00,50.97
2021-12-20 15:27:00,50.95
2021-12-20 15:28:00,50.96
2021-12-20 15:29:00,50.95
2021-12-20 15:30:00,50.92
2021-12-20 15:31:00,50.83
2021-12-20 15:32:00,50.85
2021-12-20 15:33:00,50.84
2021-12-20 15:34:00,50.8
2021-12-20 15:35:00,50.82
2021-12-20 15:36:00,50.87
2021-12-20 15:37:00,50.85
2021-12-20 15:38:00,50.86
2021-12-20 15:39:00,50.86
2021-12-20 15:40:00,50.86
2021-12-20 15:41:00,50.73
2021-12-20 15:42:00,50.68
2021-12-20 15:43:00,50.71
2021-12-20 15:44:00,50.71
2021-12-20 15:45:00,50.71
2021-12-20 15:46:00,50.71
2021-12-20 15:47:00,50.74
2021-12-20 15:48:00,50.73
2021-12-20 15:49:00,50.7
2021-12-20 15:50:00,50.65
2021-12-20 15:51:00,50.63
2021-12-20 15:52:00,50.59
2021-12-20 15:53:00,50.56
2021-12-20 15:54:00,50.56
2021-12-20 15:55:00,50.61
2021-12-20 15:56:00,50.72
2021-12-20 15:57:00,50.71
2021-12-20 15:58:00,50.69
2021-12-20 15:59:00,50.71
2021-12-20 16:00:00,50.77
2021-12-20 16:01:00,50.81
2021-12-20 16:02:00,50.77
2021-12-20 16:03:00,50.82
2021-12-20 16:04:00,50.81
2021-12-20 16:05:00,50.86
2021-12-20 16:06:00,50.86
2021-12-20 16:07:00,50.83
2021-12-20 16:08:00,50.8
2021-12-20 16:09:00,50.73
2021-12-20 16:10:00,50.76
2021-12-20 16:11:00,50.77
2021-12-20 16:12:00,50.8
2021-12-20 16:13:00,50.74
2021-12-20 16:14:00,50.74
2021-12-20 16:15:00,50.78
2021-12-20 16:16:00,50.79
2021-12-20 16:17:00,50.89
2021-12-20 16:18:00,50.94
2021-12-20 16:19:00,51.01
2021-12-20 16:20:00,51.01
2021-12-20 16:21:00,51
2021-12-20 16:22:00,50.97
2021-12-20 16:23:00,50.99
2021-12-20 16:24:00,50.97
2021-12-20 16:25:00,50.93
2021-12-20 16:26:00,50.86
2021-12-20 16:27:00,50.86
2021-12-20 16:28:00,50.87
2021-12-20 16:29:00,50.83
2021-12-20 16:30:00,50.84
2021-12-20 16:31:00,50.81
2021-12-20 16:32:00,50.84
2021-12-20 16:33:00,50.88
2021-12-20 16:34:00,50.91
2021-12-20 16:35:00,50.88
2021-12-20 16:36:00,50.93
2021-12-20 16:37:00,50.92
2021-12-20 16:38:00,50.96
2021-12-20 16:39:00,50.99
2021-12-20 16:40:00,50.98
2021-12-20 16:41:00,50.93
2021-12-20 16:42:00,50.94
2021-12-20 16:43:00,50.94
2021-12-20 16:44:00,50.94
2021-12-20 16:45:00,50.94
2021-12-20 16:46:00,50.92
2021-12-20 16:47:00,50.91
2021-12-20 16:48:00,50.92
2021-12-20 16:49:00,50.94
2021-12-20 16:50:00,50.9
2021-12-20 16:51:00,50.88
2021-12-20 16:52:00,50.9
2021-12-20 16:53:00,50.87
2021-12-20 16:54:00,50.83
2021-12-20 16:55:00,50.88
2021-12-20 16:56:00,50.89
2021-12-20 16:57:00,50.88
2021-12-20 16:58:00,50.87
2021-12-20 16:59:00,50.92
2021-12-20 17:00:00,50.92
2021-12-20 17:01:00,50.95
2021-12-20 17:02:00,50.93
2021-12-20 17:03:00,50.94
2021-12-20 17:04:00,50.97
2021-12-20 17:05:00,50.98
2021-12-20 17:06:00,51.01
2021-12-20 17:07:00,51
2021-12-20 17:08:00,51.01
2021-12-20 17:09:00,51.05
2021-12-20 17:10:00,51.07
2021-12-20 17:11:00,51.03
2021-12-20 17:12:00,51.04
2021-12-20 17:13:00,51.04
2021-12-20 17:14:00,51.04
2021-12-20 17:15:00,51.05
2021-12-20 17:16:00,51.03
2021-12-20 17:17:00,51.05
2021-12-20 17:18:00,51.05
2021-12-20 17:19:00,51.08
2021-12-21 09:10:00,51.57
2021-12-21 09:11:00,51.44
2021-12-21 09:12:00,51.48
2021-12-21 09:13:00,51.52
2021-12-21 09:14:00,51.52
2021-12-21 09:15:00,51.51
2021-12-21 09:16:00,51.58
2021-12-21 09:17:00,51.52
2021-12-21 09:18:00,51.49
2021-12-21 09:19:00,51.5
2021-12-21 09:20:00,51.55
2021-12-21 09:21:00,51.6
2021-12-21 09:22:00,51.65
2021-12-21 09:23:00,51.69
2021-12-21 09:24:00,51.63
2021-12-21 09:25:00,51.59
2021-12-21 09:26:00,51.57
2021-12-21 09:27:00,51.56
2021-12-21 09:28:00,51.6
2021-12-21 09:29:00,51.65
2021-12-21 09:30:00,51.65
2021-12-21 09:31:00,51.7
2021-12-21 09:32:00,51.68
2021-12-21 09:33:00,51.69
2021-12-21 09:34:00,51.69
2021-12-21 09:35:00,51.68
2021-12-21 09:36:00,51.7
2021-12-21 09:37:00,51.67
2021-12-21 09:38:00,51.63
2021-12-21 09:39:00,51.64
2021-12-21 09:40:00,51.67
2021-12-21 09:41:00,51.71
2021-12-21 09:42:00,51.71
2021-12-21 09:43:00,51.78
2021-12-21 09:44:00,51.77
2021-12-21 09:45:00,51.77
2021-12-21 09:46:00,51.77
2021-12-21 09:48:00,51.78
2021-12-21 09:49:00,51.81
2021-12-21 09:50:00,51.85
2021-12-21 09:51:00,51.81
2021-12-21 09:52:00,51.82
2021-12-21 09:53:00,51.8
2021-12-21 09:54:00,51.81
2021-12-21 09:55:00,51.82
2021-12-21 09:56:00,51.85
2021-12-21 09:57:00,51.91
2021-12-21 09:58:00,51.91
2021-12-21 09:59:00,51.96
2021-12-21 10:00:00,51.93
2021-12-21 10:01:00,51.93
2021-12-21 10:02:00,51.94
2021-12-21 10:03:00,51.92
2021-12-21 10:04:00,51.94
2021-12-21 10:05:00,51.94
2021-12-21 10:06:00,51.95
2021-12-21 10:07:00,51.9
2021-12-21 10:08:00,51.83
2021-12-21 10:09:00,51.88
2021-12-21 10:10:00,51.84
2021-12-21 10:11:00,51.85
2021-12-21 10:12:00,51.88
2021-12-21 10:13:00,51.89
2021-12-21 10:14:00,51.88
2021-12-21 10:15:00,51.88
2021-12-21 10:16:00,51.88
2021-12-21 10:17:00,51.88
2021-12-21 10:18:00,51.85
2021-12-21 10:20:00,51.86
2021-12-21 10:21:00,51.87
2021-12-21 10:22:00,51.85
2021-12-21 10:24:00,51.87
2021-12-21 10:25:00,51.89
2021-12-21 10:26:00,51.91
2021-12-21 10:27:00,51.93
2021-12-21 10:30:00,51.95
2021-12-21 10:31:00,51.94
2021-12-21 10:32:00,51.93
2021-12-21 10:33:00,51.92
2021-12-21 10:34:00,51.91
2021-12-21 10:35:00,51.91
2021-12-21 10:36:00,51.92
2021-12-21 10:38:00,51.91
2021-12-21 10:39:00,51.87
2021-12-21 10:40:00,51.84
2021-12-21 10:41:00,51.8
2021-12-21 10:42:00,51.8
2021-12-21 10:43:00,51.78
2021-12-21 10:44:00,51.78
2021-12-21 10:46:00,51.77
2021-12-21 10:47:00,51.75
2021-12-21 10:48:00,51.76
2021-12-21 10:49:00,51.73
2021-12-21 10:50:00,51.71
2021-12-21 10:51:00,51.7
2021-12-21 10:52:00,51.71
2021-12-21 10:53:00,51.72
2021-12-21 10:54:00,51.72
2021-12-21 10:55:00,51.76
2021-12-21 10:56:00,51.73
2021-12-21 10:57:00,51.69
2021-12-21 10:58:00,51.65
2021-12-21 10:59:00,51.63
2021-12-21 11:00:00,51.51
2021-12-21 11:01:00,51.5
2021-12-21 11:02:00,51.47
2021-12-21 11:03:00,51.49
2021-12-21 11:05:00,51.57
2021-12-21 11:06:00,51.62
2021-12-21 11:07:00,51.63
2021-12-21 11:08:00,51.64
2021-12-21 11:09:00,51.66
2021-12-21 11:10:00,51.66
2021-12-21 11:11:00,51.7
2021-12-21 11:12:00,51.7
2021-12-21 11:13:00,51.69
2021-12-21 11:14:00,51.68
2021-12-21 11:15:00,51.71
2021-12-21 11:16:00,51.74
2021-12-21 11:17:00,51.75
2021-12-21 11:18:00,51.74
2021-12-21 11:19:00,51.76
2021-12-21 11:20:00,51.77
2021-12-21 11:21:00,51.86
2021-12-21 11:22:00,51.86
2021-12-21 11:23:00,51.83
2021-12-21 11:24:00,51.81
2021-12-21 11:25:00,51.85
2021-12-21 11:26:00,51.88
2021-12-21 11:27:00,51.87
2021-12-21 11:28:00,51.86
2021-12-21 11:29:00,51.84
2021-12-21 11:30:00,51.85
2021-12-21 11:31:00,51.84
2021-12-21 11:32:00,51.84
2021-12-21 11:34:00,51.87
2021-12-21 11:36:00,51.86
2021-12-21 11:37:00,51.89
2021-12-21 11:38:00,51.87
2021-12-21 11:39:00,51.85
2021-12-21 11:40:00,51.83
2021-12-21 11:41:00,51.79
2021-12-21 11:42:00,51.78
2021-12-21 11:43:00,51.78
2021-12-21 11:44:00,51.76
2021-12-21 11:45:00,51.74
2021-12-21 11:46:00,51.65
2021-12-21 11:48:00,51.68
2021-12-21 11:49:00,51.74
2021-12-21 11:50:00,51.73
2021-12-21 11:52:00,51.72
2021-12-21 11:53:00,51.74
2021-12-21 11:54:00,51.83
2021-12-21 11:55:00,51.95
2021-12-21 11:56:00,51.95
2021-12-21 11:57:00,51.95
2021-12-21 12:00:00,51.93
2021-12-21 12:01:00,51.88
2021-12-21 12:03:00,51.86
2021-12-21 12:04:00,51.86
2021-12-21 12:05:00,51.87
2021-12-21 12:06:00,51.85
2021-12-21 12:07:00,51.85
2021-12-21 12:09:00,51.85
2021-12-21 12:10:00,51.83
2021-12-21 12:11:00,51.79
2021-12-21 12:12:00,51.78
2021-12-21 12:13:00,51.78
2021-12-21 12:16:00,51.81
2021-12-21 12:17:00,51.88
2021-12-21 12:18:00,51.91
2021-12-21 12:19:00,51.89
2021-12-21 12:21:00,51.89
2021-12-21 12:22:00,51.9
2021-12-21 12:23:00,51.89
2021-12-21 12:24:00,51.9
2021-12-21 12:26:00,51.9
2021-12-21 12:27:00,51.91
2021-12-21 12:28:00,51.92
2021-12-21 12:29:00,51.94
2021-12-21 12:30:00,51.95
2021-12-21 12:31:00,51.97
2021-12-21 12:32:00,51.96
2021-12-21 12:33:00,51.92
2021-12-21 12:34:00,51.93
2021-12-21 12:35:00,51.93
2021-12-21 12:36:00,51.91
2021-12-21 12:41:00,51.91
2021-12-21 12:42:00,51.87
2021-12-21 12:44:00,51.89
2021-12-21 12:45:00,51.86
2021-12-21 12:46:00,51.84
2021-12-21 12:47:00,51.84
2021-12-21 12:48:00,51.85
2021-12-21 12:49:00,51.85
2021-12-21 12:50:00,51.87
2021-12-21 12:51:00,51.89
2021-12-21 12:52:00,51.91
2021-12-21 12:55:00,51.9
2021-12-21 12:58:00,51.85
2021-12-21 12:59:00,51.85
2021-12-21 13:00:00,51.84
2021-12-21 13:02:00,51.85
2021-12-21 13:04:00,51.89
2021-12-21 13:05:00,51.89
2021-12-21 13:06:00,51.88
2021-12-21 13:07:00,51.87
2021-12-21 13:08:00,51.85
2021-12-21 13:09:00,51.87
2021-12-21 13:10:00,51.86
2021-12-21 13:11:00,51.9
2021-12-21 13:12:00,51.87
2021-12-21 13:13:00,51.87
2021-12-21 13:15:00,51.87
2021-12-21 13:16:00,51.87
2021-12-21 13:17:00,51.87
2021-12-21 13:18:00,51.84
2021-12-21 13:19:00,51.83
2021-12-21 13:20:00,51.81
2021-12-21 13:21:00,51.81
2021-12-21 13:22:00,51.81
2021-12-21 13:23:00,51.8
2021-12-21 13:24:00,51.82
2021-12-21 13:25:00,51.83
2021-12-21 13:26:00,51.83
2021-12-21 13:28:00,51.85
2021-12-21 13:29:00,51.84
2021-12-21 13:30:00,51.83
2021-12-21 13:31:00,51.81
2021-12-21 13:32:00,51.81
2021-12-21 13:33:00,51.82
2021-12-21 13:34:00,51.81
2021-12-21 13:35:00,51.8
2021-12-21 13:37:00,51.81
2021-12-21 13:38:00,51.81
2021-12-21 13:40:00,51.77
2021-12-21 13:41:00,51.77
2021-12-21 13:42:00,51.76
2021-12-21 13:43:00,51.77
2021-12-21 13:44:00,51.77
2021-12-21 13:45:00,51.77
2021-12-21 13:46:00,51.77
2021-12-21 13:47:00,51.77
2021-12-21 13:48:00,51.76
2021-12-21 13:49:00,51.75
2021-12-21 13:50:00,51.77
2021-12-21 13:52:00,51.76
2021-12-21 13:53:00,51.77
2021-12-21 13:54:00,51.76
2021-12-21 13:55:00,51.75
2021-12-21 13:56:00,51.65
2021-12-21 13:57:00,51.69
2021-12-21 13:59:00,51.72
2021-12-21 14:00:00,51.72
2021-12-21 14:01:00,51.72
2021-12-21 14:02:00,51.77
2021-12-21 14:03:00,51.79
2021-12-21 14:05:00,51.79
2021-12-21 14:07:00,51.79
2021-12-21 14:08:00,51.79
2021-12-21 14:09:00,51.78
2021-12-21 14:10:00,51.77
2021-12-21 14:11:00,51.77
2021-12-21 14:12:00,51.76
2021-12-21 14:13:00,51.72
2021-12-21 14:14:00,51.74
2021-12-21 14:15:00,51.75
2021-12-21 14:16:00,51.78
2021-12-21 14:17:00,51.77
2021-12-21 14:18:00,51.78
2021-12-21 14:19:00,51.8
2021-12-21 14:20:00,51.79
2021-12-21 14:21:00,51.78
2021-12-21 14:22:00,51.78
2021-12-21 14:23:00,51.75
2021-12-21 14:24:00,51.76
2021-12-21 14:25:00,51.77
2021-12-21 14:26:00,51.76
2021-12-21 14:27:00,51.78
2021-12-21 14:28:00,51.78
2021-12-21 14:29:00,51.78
2021-12-21 14:30:00,51.8
2021-12-21 14:31:00,51.81
2021-12-21 14:32:00,51.81
2021-12-21 14:33:00,51.8
2021-12-21 14:34:00,51.83
2021-12-21 14:35:00,51.84
2021-12-21 14:36:00,51.83
2021-12-21 14:37:00,51.83
2021-12-21 14:38:00,51.78
2021-12-21 14:39:00,51.78
2021-12-21 14:40:00,51.77
2021-12-21 14:41:00,51.77
2021-12-21 14:42:00,51.79
2021-12-21 14:44:00,51.81
2021-12-21 14:45:00,51.83
2021-12-21 14:46:00,51.82
2021-12-21 14:47:00,51.83
2021-12-21 14:48:00,51.83
2021-12-21 14:49:00,51.82
2021-12-21 14:52:00,51.83
2021-12-21 14:54:00,51.84
2021-12-21 14:55:00,51.8
2021-12-21 14:56:00,51.75
2021-12-21 14:57:00,51.75
2021-12-21 14:58:00,51.75
2021-12-21 14:59:00,51.75
2021-12-21 15:00:00,51.75
2021-12-21 15:01:00,51.77
2021-12-21 15:02:00,51.75
2021-12-21 15:03:00,51.75
2021-12-21 15:04:00,51.71
2021-12-21 15:05:00,51.73
2021-12-21 15:06:00,51.75
2021-12-21 15:09:00,51.75
2021-12-21 15:10:00,51.74
2021-12-21 15:11:00,51.76
2021-12-21 15:12:00,51.77
2021-12-21 15:13:00,51.73
2021-12-21 15:14:00,51.72
2021-12-21 15:15:00,51.71
2021-12-21 15:16:00,51.73
2021-12-21 15:19:00,51.74
2021-12-21 15:20:00,51.71
2021-12-21 15:21:00,51.72
2021-12-21 15:22:00,51.74
2021-12-21 15:24:00,51.73
2021-12-21 15:26:00,51.73
2021-12-21 15:28:00,51.72
2021-12-21 15:29:00,51.73
2021-12-21 15:30:00,51.73
2021-12-21 15:31:00,51.78
2021-12-21 15:32:00,51.77
2021-12-21 15:33:00,51.77
2021-12-21 15:34:00,51.79
2021-12-21 15:35:00,51.76
2021-12-21 15:36:00,51.77
2021-12-21 15:37:00,51.8
2021-12-21 15:38:00,51.83
2021-12-21 15:39:00,51.82
2021-12-21 15:40:00,51.81
2021-12-21 15:41:00,51.81
2021-12-21 15:42:00,51.81
2021-12-21 15:43:00,51.77
2021-12-21 15:44:00,51.75
2021-12-21 15:45:00,51.73
2021-12-21 15:46:00,51.7
2021-12-21 15:47:00,51.69
2021-12-21 15:48:00,51.71
2021-12-21 15:49:00,51.72
2021-12-21 15:50:00,51.64
2021-12-21 15:51:00,51.71
2021-12-21 15:52:00,51.7
2021-12-21 15:53:00,51.72
2021-12-21 15:54:00,51.74
2021-12-21 15:55:00,51.73
2021-12-21 15:56:00,51.68
2021-12-21 15:57:00,51.67
2021-12-21 15:58:00,51.71
2021-12-21 15:59:00,51.71
2021-12-21 16:00:00,51.73
2021-12-21 16:01:00,51.76
2021-12-21 16:02:00,51.76
2021-12-21 16:03:00,51.75
2021-12-21 16:04:00,51.74
2021-12-21 16:05:00,51.76
2021-12-21 16:06:00,51.78
2021-12-21 16:08:00,51.75
2021-12-21 16:09:00,51.77
2021-12-21 16:10:00,51.77
2021-12-21 16:11:00,51.8
2021-12-21 16:12:00,51.81
2021-12-21 16:13:00,51.83
2021-12-21 16:14:00,51.83
2021-12-21 16:15:00,51.84
2021-12-21 16:16:00,51.87
2021-12-21 16:17:00,51.85
2021-12-21 16:18:00,51.86
2021-12-21 16:20:00,51.8
2021-12-21 16:21:00,51.84
2021-12-21 16:22:00,51.84
2021-12-21 16:23:00,51.78
2021-12-21 16:24:00,51.75
2021-12-21 16:25:00,51.71
2021-12-21 16:26:00,51.72
2021-12-21 16:27:00,51.7
2021-12-21 16:28:00,51.66
2021-12-21 16:29:00,51.69
2021-12-21 16:30:00,51.66
2021-12-21 16:31:00,51.71
2021-12-21 16:32:00,51.7
2021-12-21 16:33:00,51.72
2021-12-21 16:34:00,51.71
2021-12-21 16:35:00,51.66
2021-12-21 16:36:00,51.64
2021-12-21 16:37:00,51.63
2021-12-21 16:38:00,51.61
2021-12-21 16:39:00,51.62
2021-12-21 16:40:00,51.62
2021-12-21 16:41:00,51.64
2021-12-21 16:42:00,51.62
2021-12-21 16:43:00,51.64
2021-12-21 16:44:00,51.65
2021-12-21 16:45:00,51.63
2021-12-21 16:46:00,51.62
2021-12-21 16:47:00,51.62
2021-12-21 16:48:00,51.63
2021-12-21 16:49:00,51.62
2021-12-21 16:50:00,51.59
2021-12-21 16:51:00,51.61
2021-12-21 16:52:00,51.62
2021-12-21 16:53:00,51.61
2021-12-21 16:54:00,51.62
2021-12-21 16:55:00,51.62
2021-12-21 16:56:00,51.61
2021-12-21 16:57:00,51.61
2021-12-21 16:58:00,51.61
2021-12-21 16:59:00,51.59
2021-12-21 17:00:00,51.6
2021-12-21 17:01:00,51.61
2021-12-21 17:02:00,51.63
2021-12-21 17:07:00,51.64
2021-12-21 17:08:00,51.64
2021-12-21 17:09:00,51.62
2021-12-21 17:10:00,51.62
2021-12-21 17:11:00,51.61
2021-12-21 17:12:00,51.6
2021-12-21 17:13:00,51.59
2021-12-21 17:15:00,51.57
2021-12-21 17:17:00,51.57
2021-12-21 17:18:00,51.57
2021-12-21 17:19:00,51.59
2021-12-22 09:10:00,51.45
2021-12-22 09:11:00,51.42
2021-12-22 09:12:00,51.44
2021-12-22 09:13:00,51.54
2021-12-22 09:14:00,51.52
2021-12-22 09:15:00,51.5
2021-12-22 09:16:00,51.56
2021-12-22 09:17:00,51.51
2021-12-22 09:18:00,51.52
2021-12-22 09:20:00,51.49
2021-12-22 09:21:00,51.46
2021-12-22 09:22:00,51.44
2021-12-22 09:23:00,51.42
2021-12-22 09:24:00,51.42
2021-12-22 09:25:00,51.37
2021-12-22 09:26:00,51.33
2021-12-22 09:27:00,51.32
2021-12-22 09:28:00,51.33
2021-12-22 09:29:00,51.33
2021-12-22 09:30:00,51.32
2021-12-22 09:31:00,51.33
2021-12-22 09:32:00,51.29
2021-12-22 09:33:00,51.27
2021-12-22 09:34:00,51.25
2021-12-22 09:35:00,51.28
2021-12-22 09:38:00,51.29
2021-12-22 09:39:00,51.29
2021-12-22 09:40:00,51.27
2021-12-22 09:41:00,51.24
2021-12-22 09:42:00,51.29
2021-12-22 09:43:00,51.34
2021-12-22 09:44:00,51.34
2021-12-22 09:45:00,51.34
2021-12-22 09:46:00,51.33
2021-12-22 09:47:00,51.37
2021-12-22 09:48:00,51.43
2021-12-22 09:49:00,51.49
2021-12-22 09:50:00,51.51
2021-12-22 09:51:00,51.51
2021-12-22 09:52:00,51.53
2021-12-22 09:53:00,51.51
2021-12-22 09:54:00,51.5
2021-12-22 09:55:00,51.49
2021-12-22 09:56:00,51.51
2021-12-22 09:57:00,51.49
2021-12-22 09:58:00,51.54
2021-12-22 09:59:00,51.53
2021-12-22 10:00:00,51.49
2021-12-22 10:01:00,51.47
2021-12-22 10:02:00,51.45
2021-12-22 10:03:00,51.46
2021-12-22 10:04:00,51.45
2021-12-22 10:05:00,51.45
2021-12-22 10:06:00,51.4
2021-12-22 10:07:00,51.37
2021-12-22 10:08:00,51.36
2021-12-22 10:09:00,51.36
2021-12-22 10:10:00,51.37
2021-12-22 10:11:00,51.36
2021-12-22 10:13:00,51.36
2021-12-22 10:14:00,51.39
2021-12-22 10:15:00,51.42
2021-12-22 10:16:00,51.42
2021-12-22 10:17:00,51.42
2021-12-22 10:18:00,51.44
2021-12-22 10:19:00,51.44
2021-12-22 10:20:00,51.5
2021-12-22 10:21:00,51.51
2021-12-22 10:22:00,51.51
2021-12-22 10:23:00,51.49
2021-12-22 10:24:00,51.51
2021-12-22 10:25:00,51.51
2021-12-22 10:26:00,51.53
2021-12-22 10:27:00,51.5
2021-12-22 10:28:00,51.5
2021-12-22 10:30:00,51.5
2021-12-22 10:31:00,51.49
2021-12-22 10:32:00,51.53
2021-12-22 10:33:00,51.54
2021-12-22 10:34:00,51.55
2021-12-22 10:35:00,51.6
2021-12-22 10:36:00,51.59
2021-12-22 10:37:00,51.59
2021-12-22 10:38:00,51.6
2021-12-22 10:39:00,51.59
2021-12-22 10:40:00,51.59
2021-12-22 10:41:00,51.62
2021-12-22 10:42:00,51.67
2021-12-22 10:43:00,51.67
2021-12-22 10:44:00,51.67
2021-12-22 10:45:00,51.65
2021-12-22 10:46:00,51.66
2021-12-22 10:47:00,51.64
2021-12-22 10:48:00,51.62
2021-12-22 10:49:00,51.62
2021-12-22 10:50:00,51.66
2021-12-22 10:51:00,51.63
2021-12-22 10:52:00,51.65
2021-12-22 10:53:00,51.64
2021-12-22 10:54:00,51.61
2021-12-22 10:55:00,51.63
2021-12-22 10:56:00,51.62
2021-12-22 10:58:00,51.59
2021-12-22 10:59:00,51.6
2021-12-22 11:00:00,51.61
2021-12-22 11:01:00,51.59
2021-12-22 11:02:00,51.59
2021-12-22 11:03:00,51.59
2021-12-22 11:04:00,51.6
2021-12-22 11:05:00,51.58
2021-12-22 11:06:00,51.57
2021-12-22 11:07:00,51.53
2021-12-22 11:08:00,51.57
2021-12-22 11:09:00,51.57
2021-12-22 11:10:00,51.59
2021-12-22 11:11:00,51.59
2021-12-22 11:12:00,51.57
2021-12-22 11:13:00,51.6
2021-12-22 11:14:00,51.63
2021-12-22 11:15:00,51.61
2021-12-22 11:16:00,51.61
2021-12-22 11:17:00,51.58
2021-12-22 11:18:00,51.61
2021-12-22 11:19:00,51.59
2021-12-22 11:21:00,51.67
2021-12-22 11:22:00,51.67
2021-12-22 11:23:00,51.68
2021-12-22 11:26:00,51.69
2021-12-22 11:27:00,51.67
2021-12-22 11:28:00,51.71
2021-12-22 11:29:00,51.69
2021-12-22 11:30:00,51.68
2021-12-22 11:31:00,51.65
2021-12-22 11:32:00,51.63
2021-12-22 11:33:00,51.64
2021-12-22 11:34:00,51.63
2021-12-22 11:36:00,51.62
2021-12-22 11:38:00,51.6
2021-12-22 11:40:00,51.62
2021-12-22 11:41:00,51.65
2021-12-22 11:42:00,51.69
2021-12-22 11:43:00,51.65
2021-12-22 11:44:00,51.65
2021-12-22 11:45:00,51.67
2021-12-22 11:47:00,51.66
2021-12-22 11:48:00,51.67
2021-12-22 11:49:00,51.65
2021-12-22 11:50:00,51.63
2021-12-22 11:52:00,51.61
2021-12-22 12:00:00,51.59
2021-12-22 12:01:00,51.53
2021-12-22 12:02:00,51.54
2021-12-22 12:03:00,51.54
2021-12-22 12:05:00,51.53
2021-12-22 12:06:00,51.55
2021-12-22 12:07:00,51.55
2021-12-22 12:08:00,51.54
2021-12-22 12:09:00,51.55
2021-12-22 12:11:00,51.61
2021-12-22 12:14:00,51.61
2021-12-22 12:15:00,51.59
2021-12-22 12:16:00,51.62
2021-12-22 12:17:00,51.64
2021-12-22 12:20:00,51.65
2021-12-22 12:22:00,51.67
2021-12-22 12:24:00,51.69
2021-12-22 12:26:00,51.71
2021-12-22 12:27:00,51.72
2021-12-22 12:28:00,51.69
2021-12-22 12:29:00,51.69
2021-12-22 12:30:00,51.7
2021-12-22 12:31:00,51.69
2021-12-22 12:32:00,51.72
2021-12-22 12:34:00,51.71
2021-12-22 12:35:00,51.69
2021-12-22 12:36:00,51.67
2021-12-22 12:37:00,51.65
2021-12-22 12:38:00,51.64
2021-12-22 12:39:00,51.62
2021-12-22 12:40:00,51.65
2021-12-22 12:41:00,51.63
2021-12-22 12:42:00,51.63
2021-12-22 12:43:00,51.65
2021-12-22 12:44:00,51.68
2021-12-22 12:45:00,51.69
2021-12-22 12:46:00,51.66
2021-12-22 12:47:00,51.64
2021-12-22 12:48:00,51.67
2021-12-22 12:50:00,51.64
2021-12-22 12:54:00,51.63
2021-12-22 12:55:00,51.65
2021-12-22 12:58:00,51.63
2021-12-22 13:00:00,51.64
2021-12-22 13:01:00,51.64
2021-12-22 13:02:00,51.62
2021-12-22 13:05:00,51.65
2021-12-22 13:06:00,51.63
2021-12-22 13:07:00,51.64
2021-12-22 13:08:00,51.65
2021-12-22 13:09:00,51.66
2021-12-22 13:10:00,51.66
2021-12-22 13:15:00,51.63
2021-12-22 13:16:00,51.64
2021-12-22 13:19:00,51.67
2021-12-22 13:20:00,51.67
2021-12-22 13:21:00,51.68
2021-12-22 13:23:00,51.65
2021-12-22 13:24:00,51.62
2021-12-22 13:27:00,51.65
2021-12-22 13:28:00,51.65
2021-12-22 13:29:00,51.65
2021-12-22 13:31:00,51.63
2021-12-22 13:32:00,51.61
2021-12-22 13:34:00,51.59
2021-12-22 13:39:00,51.58
2021-12-22 13:40:00,51.61
2021-12-22 13:43:00,51.6
2021-12-22 13:44:00,51.59
2021-12-22 13:45:00,51.59
2021-12-22 13:51:00,51.59
2021-12-22 13:53:00,51.56
2021-12-22 13:54:00,51.54
2021-12-22 13:55:00,51.55
2021-12-22 13:57:00,51.56
2021-12-22 13:58:00,51.56
2021-12-22 14:02:00,51.54
2021-12-22 14:03:00,51.55
2021-12-22 14:12:00,51.47
2021-12-22 14:13:00,51.45
2021-12-22 14:15:00,51.45
2021-12-22 14:18:00,51.42
2021-12-22 14:19:00,51.41
2021-12-22 14:20:00,51.42
2021-12-22 14:21:00,51.41
2021-12-22 14:22:00,51.39
2021-12-22 14:23:00,51.37
2021-12-22 14:28:00,51.36
2021-12-22 14:29:00,51.37
2021-12-22 14:32:00,51.39
2021-12-22 14:36:00,51.37
2021-12-22 14:38:00,51.35
2021-12-22 14:39:00,51.33
2021-12-22 14:40:00,51.31
2021-12-22 14:41:00,51.33
2021-12-22 14:42:00,51.31
2021-12-22 14:43:00,51.29
2021-12-22 14:44:00,51.28
2021-12-22 14:45:00,51.3
2021-12-22 14:46:00,51.31
2021-12-22 14:47:00,51.32
2021-12-22 14:48:00,51.33
2021-12-22 14:49:00,51.33
2021-12-22 14:50:00,51.39
2021-12-22 14:52:00,51.39
2021-12-22 14:54:00,51.37
2021-12-22 14:56:00,51.37
2021-12-22 14:57:00,51.37
2021-12-22 14:58:00,51.36
2021-12-22 14:59:00,51.36
2021-12-22 15:00:00,51.37
2021-12-22 15:01:00,51.35
2021-12-22 15:02:00,51.35
2021-12-22 15:03:00,51.37
2021-12-22 15:09:00,51.35
2021-12-22 15:12:00,51.33
2021-12-22 15:16:00,51.31
2021-12-22 15:18:00,51.31
2021-12-22 15:19:00,51.35
2021-12-22 15:22:00,51.37
2021-12-22 15:23:00,51.39
2021-12-22 15:24:00,51.39
2021-12-22 15:25:00,51.37
2021-12-22 15:27:00,51.41
2021-12-22 15:28:00,51.39
2021-12-22 15:29:00,51.38
2021-12-22 15:30:00,51.36
2021-12-22 15:31:00,51.36
2021-12-22 15:32:00,51.35
2021-12-22 15:33:00,51.33
2021-12-22 15:34:00,51.39
2021-12-22 15:35:00,51.36
2021-12-22 15:36:00,51.35
2021-12-22 15:37:00,51.33
2021-12-22 15:38:00,51.35
2021-12-22 15:39:00,51.44
2021-12-22 15:40:00,51.42
2021-12-22 15:41:00,51.41
2021-12-22 15:42:00,51.42
2021-12-22 15:43:00,51.4
2021-12-22 15:44:00,51.43
2021-12-22 15:45:00,51.39
2021-12-22 15:46:00,51.39
2021-12-22 15:47:00,51.35
2021-12-22 15:48:00,51.37
2021-12-22 15:49:00,51.33
2021-12-22 15:50:00,51.29
2021-12-22 15:51:00,51.29
2021-12-22 15:52:00,51.27
2021-12-22 15:53:00,51.34
2021-12-22 15:54:00,51.33
2021-12-22 15:55:00,51.38
2021-12-22 15:56:00,51.35
2021-12-22 15:57:00,51.37
2021-12-22 15:58:00,51.35
2021-12-22 15:59:00,51.35
2021-12-22 16:00:00,51.37
2021-12-22 16:01:00,51.44
2021-12-22 16:02:00,51.46
2021-12-22 16:03:00,51.52
2021-12-22 16:04:00,51.54
2021-12-22 16:05:00,51.53
2021-12-22 16:06:00,51.51
2021-12-22 16:07:00,51.56
2021-12-22 16:08:00,51.56
2021-12-22 16:09:00,51.57
2021-12-22 16:10:00,51.57
2021-12-22 16:11:00,51.57
2021-12-22 16:12:00,51.58
2021-12-22 16:13:00,51.61
2021-12-22 16:14:00,51.62
2021-12-22 16:15:00,51.63
2021-12-22 16:16:00,51.67
2021-12-22 16:17:00,51.69
2021-12-22 16:18:00,51.68
2021-12-22 16:19:00,51.68
2021-12-22 16:20:00,51.67
2021-12-22 16:21:00,51.65
2021-12-22 16:22:00,51.63
2021-12-22 16:23:00,51.64
2021-12-22 16:24:00,51.61
2021-12-22 16:25:00,51.62
2021-12-22 16:26:00,51.62
2021-12-22 16:27:00,51.61
2021-12-22 16:29:00,51.59
2021-12-22 16:30:00,51.61
2021-12-22 16:31:00,51.62
2021-12-22 16:32:00,51.61
2021-12-22 16:35:00,51.6
2021-12-22 16:36:00,51.63
2021-12-22 16:37:00,51.64
2021-12-22 16:38:00,51.66
2021-12-22 16:40:00,51.68
2021-12-22 16:42:00,51.66
2021-12-22 16:43:00,51.64
2021-12-22 16:45:00,51.63
2021-12-22 16:46:00,51.62
2021-12-22 16:47:00,51.63
2021-12-22 16:48:00,51.66
2021-12-22 16:49:00,51.63
2021-12-22 16:50:00,51.66
2021-12-22 16:51:00,51.67
2021-12-22 16:52:00,51.67
2021-12-22 16:53:00,51.66
2021-12-22 16:57:00,51.65
2021-12-22 16:58:00,51.65
2021-12-22 16:59:00,51.63
2021-12-22 17:01:00,51.63
2021-12-22 17:02:00,51.65
2021-12-22 17:05:00,51.63
2021-12-22 17:06:00,51.61
2021-12-22 17:07:00,51.56
2021-12-22 17:08:00,51.55
2021-12-22 17:09:00,51.57
2021-12-22 17:10:00,51.59
2021-12-22 17:11:00,51.59
2021-12-22 17:12:00,51.61
2021-12-22 17:13:00,51.63
2021-12-22 17:14:00,51.64
2021-12-22 17:15:00,51.66
2021-12-22 17:16:00,51.66
2021-12-22 17:17:00,51.65
2021-12-22 17:18:00,51.67
2021-12-22 17:19:00,51.66
2021-12-23 09:09:00,52.3
2021-12-23 09:10:00,52.32
2021-12-23 09:11:00,52.22
2021-12-23 09:12:00,52.21
2021-12-23 09:13:00,52.19
2021-12-23 09:14:00,52.21
2021-12-23 09:16:00,52.33
2021-12-23 09:17:00,52.43
2021-12-23 09:18:00,52.42
2021-12-23 09:19:00,52.38
2021-12-23 09:20:00,52.39
2021-12-23 09:21:00,52.42
2021-12-23 09:22:00,52.39
2021-12-23 09:23:00,52.33
2021-12-23 09:24:00,52.33
2021-12-23 09:25:00,52.34
2021-12-23 09:26:00,52.35
2021-12-23 09:27:00,52.42
2021-12-23 09:28:00,52.43
2021-12-23 09:29:00,52.44
2021-12-23 09:30:00,52.44
2021-12-23 09:31:00,52.4
2021-12-23 09:32:00,52.42
2021-12-23 09:33:00,52.45
2021-12-23 09:34:00,52.49
2021-12-23 09:35:00,52.47
2021-12-23 09:36:00,52.45
2021-12-23 09:37:00,52.48
2021-12-23 09:38:00,52.45
2021-12-23 09:39:00,52.43
2021-12-23 09:40:00,52.43
2021-12-23 09:41:00,52.44
2021-12-23 09:42:00,52.42
2021-12-23 09:43:00,52.41
2021-12-23 09:44:00,52.42
2021-12-23 09:45:00,52.41
2021-12-23 09:46:00,52.43
2021-12-23 09:47:00,52.41
2021-12-23 09:48:00,52.44
2021-12-23 09:49:00,52.44
2021-12-23 09:50:00,52.47
2021-12-23 09:51:00,52.51
2021-12-23 09:52:00,52.51
2021-12-23 09:53:00,52.52
2021-12-23 09:54:00,52.52
2021-12-23 09:55:00,52.53
2021-12-23 09:56:00,52.55
2021-12-23 09:57:00,52.54
2021-12-23 09:58:00,52.51
2021-12-23 09:59:00,52.5
2021-12-23 10:00:00,52.51
2021-12-23 10:01:00,52.54
2021-12-23 10:02:00,52.55
2021-12-23 10:03:00,52.54
2021-12-23 10:04:00,52.51
2021-12-23 10:05:00,52.53
2021-12-23 10:06:00,52.57
2021-12-23 10:07:00,52.57
2021-12-23 10:08:00,52.63
2021-12-23 10:09:00,52.62
2021-12-23 10:10:00,52.59
2021-12-23 10:11:00,52.55
2021-12-23 10:12:00,52.56
2021-12-23 10:13:00,52.54
2021-12-23 10:14:00,52.55
2021-12-23 10:15:00,52.55
2021-12-23 10:16:00,52.54
2021-12-23 10:17:00,52.54
2021-12-23 10:18:00,52.53
2021-12-23 10:19:00,52.58
2021-12-23 10:20:00,52.55
2021-12-23 10:21:00,52.55
2021-12-23 10:22:00,52.51
2021-12-23 10:23:00,52.48
2021-12-23 10:24:00,52.43
2021-12-23 10:25:00,52.46
2021-12-23 10:26:00,52.48
2021-12-23 10:27:00,52.47
2021-12-23 10:28:00,52.46
2021-12-23 10:29:00,52.46
2021-12-23 10:30:00,52.48
2021-12-23 10:31:00,52.51
2021-12-23 10:32:00,52.51
2021-12-23 10:33:00,52.48
2021-12-23 10:34:00,52.43
2021-12-23 10:35:00,52.43
2021-12-23 10:36:00,52.43
2021-12-23 10:37:00,52.42
2021-12-23 10:38:00,52.43
2021-12-23 10:41:00,52.43
2021-12-23 10:42:00,52.41
2021-12-23 10:43:00,52.41
2021-12-23 10:44:00,52.42
2021-12-23 10:45:00,52.45
2021-12-23 10:46:00,52.47
2021-12-23 10:47:00,52.45
2021-12-23 10:48:00,52.44
2021-12-23 10:49:00,52.45
2021-12-23 10:50:00,52.46
2021-12-23 10:51:00,52.45
2021-12-23 10:52:00,52.49
2021-12-23 10:53:00,52.48
2021-12-23 10:54:00,52.41
2021-12-23 10:56:00,52.4
2021-12-23 10:57:00,52.4
2021-12-23 10:58:00,52.4
2021-12-23 10:59:00,52.4
2021-12-23 11:00:00,52.41
2021-12-23 11:01:00,52.43
2021-12-23 11:02:00,52.41
2021-12-23 11:03:00,52.41
2021-12-23 11:04:00,52.41
2021-12-23 11:05:00,52.45
2021-12-23 11:06:00,52.45
2021-12-23 11:07:00,52.45
2021-12-23 11:09:00,52.46
2021-12-23 11:10:00,52.45
2021-12-23 11:11:00,52.47
2021-12-23 11:12:00,52.48
2021-12-23 11:13:00,52.45
2021-12-23 11:14:00,52.47
2021-12-23 11:15:00,52.48
2021-12-23 11:17:00,52.48
2021-12-23 11:18:00,52.47
2021-12-23 11:19:00,52.45
2021-12-23 11:20:00,52.46
2021-12-23 11:21:00,52.47
2021-12-23 11:22:00,52.48
2021-12-23 11:23:00,52.46
2021-12-23 11:24:00,52.48
2021-12-23 11:25:00,52.48
2021-12-23 11:26:00,52.49
2021-12-23 11:27:00,52.53
2021-12-23 11:28:00,52.48
2021-12-23 11:29:00,52.49
2021-12-23 11:30:00,52.51
2021-12-23 11:31:00,52.5
2021-12-23 11:32:00,52.5
2021-12-23 11:33:00,52.49
2021-12-23 11:34:00,52.5
2021-12-23 11:35:00,52.47
2021-12-23 11:36:00,52.47
2021-12-23 11:37:00,52.48
2021-12-23 11:38:00,52.51
2021-12-23 11:39:00,52.49
2021-12-23 11:40:00,52.51
2021-12-23 11:41:00,52.52
2021-12-23 11:42:00,52.55
2021-12-23 11:44:00,52.57
2021-12-23 11:47:00,52.56
2021-12-23 11:49:00,52.59
2021-12-23 11:50:00,52.6
2021-12-23 11:51:00,52.62
2021-12-23 11:52:00,52.63
2021-12-23 11:54:00,52.61
2021-12-23 11:55:00,52.6
2021-12-23 11:56:00,52.61
2021-12-23 11:58:00,52.61
2021-12-23 11:59:00,52.63
2021-12-23 12:00:00,52.6
2021-12-23 12:01:00,52.59
2021-12-23 12:02:00,52.59
2021-12-23 12:03:00,52.59
2021-12-23 12:04:00,52.59
2021-12-23 12:05:00,52.58
2021-12-23 12:06:00,52.58
2021-12-23 12:07:00,52.61
2021-12-23 12:08:00,52.64
2021-12-23 12:09:00,52.7
2021-12-23 12:10:00,52.72
2021-12-23 12:12:00,52.74
2021-12-23 12:14:00,52.74
2021-12-23 12:16:00,52.73
2021-12-23 12:17:00,52.73
2021-12-23 12:18:00,52.69
2021-12-23 12:19:00,52.72
2021-12-23 12:20:00,52.73
2021-12-23 12:21:00,52.72
2021-12-23 12:22:00,52.72
2021-12-23 12:23:00,52.71
2021-12-23 12:24:00,52.71
2021-12-23 12:25:00,52.71
2021-12-23 12:26:00,52.73
2021-12-23 12:29:00,52.72
2021-12-23 12:30:00,52.72
2021-12-23 12:31:00,52.7
2021-12-23 12:32:00,52.73
2021-12-23 12:33:00,52.73
2021-12-23 12:34:00,52.75
2021-12-23 12:35:00,52.74
2021-12-23 12:36:00,52.81
2021-12-23 12:37:00,52.83
2021-12-23 12:38:00,52.85
2021-12-23 12:39:00,52.91
2021-12-23 12:40:00,52.93
2021-12-23 12:41:00,52.9
2021-12-23 12:42:00,52.91
2021-12-23 12:43:00,52.88
2021-12-23 12:44:00,52.87
2021-12-23 12:46:00,52.89
2021-12-23 12:47:00,52.86
2021-12-23 12:48:00,52.85
2021-12-23 12:49:00,52.86
2021-12-23 12:50:00,52.82
2021-12-23 12:51:00,52.82
2021-12-23 12:52:00,52.83
2021-12-23 12:53:00,52.85
2021-12-23 12:55:00,52.87
2021-12-23 12:56:00,52.84
2021-12-23 12:57:00,52.79
2021-12-23 12:59:00,52.79
2021-12-23 13:00:00,52.77
2021-12-23 13:02:00,52.77
2021-12-23 13:03:00,52.71
2021-12-23 13:04:00,52.75
2021-12-23 13:05:00,52.73
2021-12-23 13:06:00,52.73
2021-12-23 13:07:00,52.69
2021-12-23 13:08:00,52.7
2021-12-23 13:10:00,52.7
2021-12-23 13:12:00,52.71
2021-12-23 13:14:00,52.7
2021-12-23 13:15:00,52.69
2021-12-23 13:17:00,52.69
2021-12-23 13:18:00,52.69
2021-12-23 13:19:00,52.67
2021-12-23 13:20:00,52.69
2021-12-23 13:21:00,52.7
2021-12-23 13:22:00,52.68
2021-12-23 13:23:00,52.69
2021-12-23 13:24:00,52.69
2021-12-23 13:25:00,52.69
2021-12-23 13:26:00,52.7
2021-12-23 13:28:00,52.68
2021-12-23 13:29:00,52.68
2021-12-23 13:30:00,52.68
2021-12-23 13:31:00,52.69
2021-12-23 13:34:00,52.66
2021-12-23 13:36:00,52.65
2021-12-23 13:37:00,52.65
2021-12-23 13:38:00,52.65
2021-12-23 13:40:00,52.63
2021-12-23 13:44:00,52.64
2021-12-23 13:49:00,52.68
2021-12-23 13:50:00,52.69
2021-12-23 13:53:00,52.67
2021-12-23 13:54:00,52.69
2021-12-23 13:57:00,52.68
2021-12-23 13:58:00,52.65
2021-12-23 14:00:00,52.69
2021-12-23 14:01:00,52.7
2021-12-23 14:02:00,52.7
2021-12-23 14:03:00,52.67
2021-12-23 14:04:00,52.68
2021-12-23 14:06:00,52.67
2021-12-23 14:07:00,52.65
2021-12-23 14:08:00,52.66
2021-12-23 14:09:00,52.67
2021-12-23 14:13:00,52.63
2021-12-23 14:15:00,52.65
2021-12-23 14:17:00,52.61
2021-12-23 14:18:00,52.63
2021-12-23 14:20:00,52.57
2021-12-23 14:21:00,52.55
2021-12-23 14:22:00,52.54
2021-12-23 14:24:00,52.53
2021-12-23 14:25:00,52.51
2021-12-23 14:26:00,52.53
2021-12-23 14:28:00,52.53
2021-12-23 14:29:00,52.55
2021-12-23 14:30:00,52.56
2021-12-23 14:31:00,52.57
2021-12-23 14:33:00,52.53
2021-12-23 14:35:00,52.53
2021-12-23 14:36:00,52.55
2021-12-23 14:37:00,52.57
2021-12-23 14:38:00,52.59
2021-12-23 14:39:00,52.58
2021-12-23 14:40:00,52.59
2021-12-23 14:41:00,52.59
2021-12-23 14:42:00,52.57
2021-12-23 14:43:00,52.57
2021-12-23 14:45:00,52.59
2021-12-23 14:46:00,52.59
2021-12-23 14:47:00,52.6
2021-12-23 14:51:00,52.59
2021-12-23 14:52:00,52.6
2021-12-23 14:54:00,52.59
2021-12-23 14:55:00,52.61
2021-12-23 14:56:00,52.59
2021-12-23 14:57:00,52.62
2021-12-23 14:58:00,52.59
2021-12-23 14:59:00,52.6
2021-12-23 15:00:00,52.61
2021-12-23 15:02:00,52.59
2021-12-23 15:03:00,52.6
2021-12-23 15:04:00,52.61
2021-12-23 15:05:00,52.59
2021-12-23 15:06:00,52.59
2021-12-23 15:07:00,52.61
2021-12-23 15:10:00,52.59
2021-12-23 15:12:00,52.59
2021-12-23 15:14:00,52.57
2021-12-23 15:15:00,52.53
2021-12-23 15:16:00,52.54
2021-12-23 15:17:00,52.51
2021-12-23 15:18:00,52.5
2021-12-23 15:19:00,52.49
2021-12-23 15:20:00,52.52
2021-12-23 15:21:00,52.54
2021-12-23 15:23:00,52.53
2021-12-23 15:24:00,52.51
2021-12-23 15:27:00,52.52
2021-12-23 15:28:00,52.53
2021-12-23 15:29:00,52.53
2021-12-23 15:30:00,52.54
2021-12-23 15:31:00,52.52
2021-12-23 15:32:00,52.61
2021-12-23 15:33:00,52.61
2021-12-23 15:34:00,52.62
2021-12-23 15:35:00,52.63
2021-12-23 15:36:00,52.68
2021-12-23 15:37:00,52.69
2021-12-23 15:38:00,52.69
2021-12-23 15:39:00,52.69
2021-12-23 15:40:00,52.64
2021-12-23 15:41:00,52.67
2021-12-23 15:42:00,52.67
2021-12-23 15:44:00,52.67
2021-12-23 15:45:00,52.73
2021-12-23 15:46:00,52.71
2021-12-23 15:47:00,52.74
2021-12-23 15:48:00,52.77
2021-12-23 15:49:00,52.73
2021-12-23 15:50:00,52.73
2021-12-23 15:51:00,52.71
2021-12-23 15:52:00,52.7
2021-12-23 15:53:00,52.69
2021-12-23 15:54:00,52.71
2021-12-23 15:55:00,52.65
2021-12-23 15:56:00,52.69
2021-12-23 15:57:00,52.67
2021-12-23 15:58:00,52.69
2021-12-23 15:59:00,52.71
2021-12-23 16:00:00,52.7
2021-12-23 16:01:00,52.69
2021-12-23 16:02:00,52.64
2021-12-23 16:04:00,52.61
2021-12-23 16:05:00,52.63
2021-12-23 16:06:00,52.63
2021-12-23 16:07:00,52.65
2021-12-23 16:08:00,52.67
2021-12-23 16:09:00,52.69
2021-12-23 16:10:00,52.71
2021-12-23 16:11:00,52.71
2021-12-23 16:12:00,52.72
2021-12-23 16:13:00,52.73
2021-12-23 16:14:00,52.74
2021-12-23 16:15:00,52.76
2021-12-23 16:16:00,52.75
2021-12-23 16:17:00,52.77
2021-12-23 16:18:00,52.79
2021-12-23 16:19:00,52.83
2021-12-23 16:20:00,52.84
2021-12-23 16:21:00,52.85
2021-12-23 16:23:00,52.81
2021-12-23 16:24:00,52.79
2021-12-23 16:25:00,52.83
2021-12-23 16:26:00,52.82
2021-12-23 16:27:00,52.79
2021-12-23 16:28:00,52.77
2021-12-23 16:29:00,52.77
2021-12-23 16:30:00,52.78
2021-12-23 16:32:00,52.75
2021-12-23 16:33:00,52.75
2021-12-23 16:34:00,52.75
2021-12-23 16:35:00,52.75
2021-12-23 16:36:00,52.76
2021-12-23 16:37:00,52.76
2021-12-23 16:39:00,52.78
2021-12-23 16:40:00,52.75
2021-12-23 16:41:00,52.79
2021-12-23 16:42:00,52.8
2021-12-23 16:43:00,52.77
2021-12-23 16:44:00,52.77
2021-12-23 16:45:00,52.78
2021-12-23 16:46:00,52.77
2021-12-23 16:47:00,52.73
2021-12-23 16:48:00,52.71
2021-12-23 16:49:00,52.73
2021-12-23 16:51:00,52.75
2021-12-23 16:53:00,52.74
2021-12-23 16:54:00,52.73
2021-12-23 16:57:00,52.73
2021-12-23 16:58:00,52.73
2021-12-23 16:59:00,52.71
2021-12-23 17:00:00,52.73
2021-12-23 17:03:00,52.71
2021-12-23 17:04:00,52.7
2021-12-23 17:05:00,52.73
2021-12-23 17:09:00,52.71
2021-12-23 17:10:00,52.71
2021-12-23 17:11:00,52.71
2021-12-23 17:13:00,52.69
2021-12-23 17:14:00,52.67
2021-12-23 17:15:00,52.68
