Datum;Erster;Hoch;Tief;Schlusskurs;Stuecke;Volumen
2021-12-30;123,52;124,90;123,24;124,90;1.256.558;156.545.346
2021-12-29;124,60;124,74;122,96;123,56;1.004.964;124.476.226
2021-12-28;124,00;125,26;123,54;124,88;1.049.070;130.796.876
2021-12-27;123,40;124,48;122,82;124,14;908.818;112.520.855
2021-12-23;122,74;123,54;122,06;123,52;975.828;120.246.642
2021-12-22;122,18;122,74;120,96;122,74;941.208;114.930.121
2021-12-21;121,76;121,90;120,14;121,40;1.249.030;151.331.987
2021-12-20;120,00;121,22;119,06;120,50;1.652.721;199.005.711
2021-12-17;122,24;123,62;121,42;123,52;4.024.892;495.198.829
2021-12-16;123,50;123,80;122,02;122,38;2.470.449;303.221.690
2021-12-15;120,06;121,60;120,06;121,14;1.476.391;178.674.035
2021-12-14;122,52;123,18;119,82;119,96;1.611.120;194.798.196
2021-12-13;120,90;123,42;120,56;122,50;2.151.377;263.500.317
2021-12-10;117,70;119,84;117,66;119,38;1.869.869;222.481.321
2021-12-09;118,56;119,36;117,50;118,42;1.302.502;154.266.459
2021-12-08;119,60;120,08;118,18;118,34;1.721.052;204.502.994
2021-12-07;118,50;119,64;117,86;119,64;2.900.111;345.248.806
2021-12-06;114,96;116,50;113,78;116,30;2.472.737;286.075.333
2021-12-03;115,26;115,68;113,42;114,16;2.543.198;290.997.334
2021-12-02;115,50;116,16;113,98;114,12;2.562.336;293.710.147
2021-12-01;114,12;117,14;113,30;117,08;3.108.716;360.052.505
2021-11-30;116,04;116,30;113,18;113,18;5.898.909;671.989.745
2021-11-29;116,00;117,70;116,00;116,80;2.682.604;313.621.527
2021-11-26;116,72;119,08;115,22;115,22;3.677.375;429.334.041
2021-11-25;119,48;120,08;119,04;119,82;1.075.091;128.594.019
2021-11-24;120,10;120,24;117,08;118,94;1.890.121;224.122.251
2021-11-23;120,58;120,82;119,16;119,54;2.095.330;250.852.155
2021-11-22;125,22;125,44;121,66;121,66;1.746.585;214.112.884
2021-11-19;125,02;126,38;124,32;125,88;3.301.394;415.153.943
2021-11-18;125,38;125,66;124,04;124,76;1.690.303;210.784.036
2021-11-17;125,56;126,48;125,36;125,46;1.393.879;175.161.785
2021-11-16;124,72;125,96;124,50;125,86;1.248.941;156.581.604
2021-11-15;124,70;125,18;123,66;124,72;1.323.699;164.720.352
2021-11-12;126,34;127,44;123,60;125,10;2.238.636;281.004.754
2021-11-11;127,12;127,40;126,18;127,14;861.715;109.436.613
2021-11-10;127,98;128,46;126,72;127,68;1.354.462;172.946.055
2021-11-09;128,06;129,06;127,66;128,32;1.126.756;144.600.813
2021-11-08;128,80;129,54;128,26;128,98;899.419;115.908.734
2021-11-05;128,32;129,74;127,92;128,98;2.180.452;281.273.223
2021-11-04;128,76;129,52;127,32;128,80;2.172.732;279.670.541
2021-11-03;127,10;128,44;126,72;128,44;1.550.006;198.354.456
2021-11-02;126,30;127,56;126,08;126,94;1.597.060;202.681.219
2021-11-01;125,94;126,66;125,36;126,32;1.226.001;154.671.081
2021-10-29;124,94;125,32;122,98;125,32;2.257.379;281.478.481
2021-10-28;124,84;126,68;124,84;126,30;1.431.137;180.384.820
2021-10-27;125,00;125,86;123,98;124,90;1.321.884;165.016.723
2021-10-26;124,80;126,38;124,50;126,08;1.670.242;210.271.014
2021-10-25;122,00;124,86;121,82;123,74;1.803.154;223.301.798
2021-10-22;120,14;123,10;120,10;121,28;2.058.572;250.604.575
2021-10-21;124,24;126,40;118,54;119,86;3.399.345;412.387.759
2021-10-20;124,38;125,24;123,36;123,84;1.507.617;187.197.805
2021-10-19;124,68;125,38;123,34;124,74;1.373.384;171.030.525
2021-10-18;124,20;125,50;123,54;124,98;1.526.983;190.851.381
2021-10-15;125,70;126,28;124,52;126,28;2.348.754;295.585.301
2021-10-14;123,20;124,96;122,40;124,96;2.315.709;287.590.379
2021-10-13;120,30;122,76;119,36;121,50;2.810.087;341.344.349
2021-10-12;116,34;117,80;116,32;116,94;1.413.405;165.352.874
2021-10-11;116,66;117,32;115,72;117,14;1.871.141;218.804.809
2021-10-08;117,00;118,50;116,72;117,44;1.554.844;182.786.065
2021-10-07;118,22;118,58;117,00;118,26;2.055.448;242.353.675
2021-10-06;114,56;117,26;112,78;116,30;2.851.529;328.584.787
2021-10-05;115,00;115,60;113,88;114,94;2.403.919;276.099.671
2021-10-04;115,64;116,76;114,36;114,78;1.417.453;163.475.139
2021-10-01;115,50;117,42;115,02;116,26;1.766.822;205.341.474
2021-09-30;118,08;119,10;116,48;116,88;2.184.117;256.002.880
2021-09-29;118,60;119,02;117,70;117,78;1.415.918;167.142.068
2021-09-28;121,10;121,52;117,62;117,76;2.398.108;283.887.622
2021-09-27;122,54;123,00;120,82;121,42;1.471.704;179.112.258
2021-09-24;123,08;123,08;120,86;121,24;1.514.907;184.029.938
2021-09-23;121,80;123,26;121,66;122,84;1.586.842;194.703.615
2021-09-22;121,90;122,02;120,44;121,16;1.246.282;150.861.654
2021-09-21;118,78;121,68;118,74;121,28;1.851.459;223.785.881
2021-09-20;120,00;120,38;118,58;118,96;2.468.968;294.408.585
2021-09-17;123,82;124,18;121,38;122,08;4.934.618;603.921.172
2021-09-16;121,86;123,26;121,58;122,50;1.511.347;185.165.371
2021-09-15;123,48;124,12;121,72;121,72;1.885.267;230.532.334
2021-09-14;122,46;122,94;121,56;122,90;1.524.505;186.914.141
2021-09-13;122,84;124,18;122,48;122,70;1.269.460;156.287.821
2021-09-10;123,68;124,50;122,92;123,20;1.133.270;140.013.493
2021-09-09;123,20;124,42;121,78;123,28;1.450.761;179.192.793
2021-09-08;125,66;125,66;123,52;124,20;2.228.049;277.190.399
2021-09-07;127,30;127,94;126,48;126,68;1.093.209;138.774.874
2021-09-06;126,50;128,06;125,90;127,66;882.994;112.429.283
2021-09-03;125,38;126,02;124,22;125,60;1.184.794;148.511.946
2021-09-02;127,00;127,12;125,16;125,82;1.178.571;148.486.074
2021-09-01;128,20;129,20;127,20;127,62;1.500.118;192.061.676
2021-08-31;126,92;128,48;126,44;127,46;2.579.532;328.759.046
2021-08-30;125,62;126,92;125,26;126,92;874.691;110.717.545
2021-08-27;124,90;126,38;124,52;125,76;986.245;123.845.895
2021-08-26;124,44;125,58;123,60;125,40;1.110.818;138.837.798
2021-08-25;126,02;126,74;125,06;125,20;834.928;104.841.754
2021-08-24;127,00;127,26;125,30;126,38;885.275;111.889.318
2021-08-23;126,22;126,74;125,42;126,70;1.012.707;127.892.463
2021-08-20;126,18;126,78;124,82;126,30;1.172.691;147.638.676
2021-08-19;125,16;125,92;124,08;125,76;1.773.882;222.291.844
2021-08-18;126,78;127,38;126,66;126,92;1.194.331;151.653.634
2021-08-17;125,24;127,34;124,78;127,10;1.522.253;192.755.767
2021-08-16;124,52;125,72;124,20;125,66;1.185.314;148.632.573
2021-08-13;125,50;126,28;125,14;125,48;1.152.899;145.021.300
2021-08-12;122,98;125,94;122,44;125,90;1.512.253;189.152.811
2021-08-11;124,18;125,10;123,58;123,76;1.445.962;179.425.024
2021-08-10;124,72;126,68;124,24;124,24;1.113.410;139.040.844
2021-08-09;124,34;124,84;123,66;124,68;1.165.047;145.002.476
2021-08-06;125,64;125,92;124,34;124,84;1.218.718;152.268.539
2021-08-05;124,00;125,94;123,84;125,78;1.624.362;203.503.074
2021-08-04;122,80;123,58;122,06;123,38;1.584.403;195.186.345
2021-08-03;121,24;122,96;120,72;121,90;1.416.262;172.801.853
2021-08-02;122,00;122,92;119,54;121,30;1.303.217;157.623.291
2021-07-30;120,10;121,48;119,30;120,84;1.969.600;237.643.773
2021-07-29;121,08;121,60;120,46;121,26;1.500.665;181.763.734
2021-07-28;119,04;121,18;119,04;120,98;1.633.467;196.776.341
2021-07-27;117,24;120,08;117,16;118,82;2.046.209;243.383.709
2021-07-26;117,10;118,62;117,00;117,60;1.433.898;168.871.765
2021-07-23;119,50;119,64;117,48;117,80;2.471.929;292.582.381
2021-07-22;118,48;119,24;116,62;119,00;2.462.144;290.638.023
2021-07-21;118,70;119,56;115,18;118,46;5.332.871;627.748.810
2021-07-20;122,70;123,30;120,66;121,48;2.334.814;284.075.092
2021-07-19;124,98;125,14;121,96;122,76;2.511.736;308.865.443
2021-07-16;125,16;126,44;124,84;125,46;1.923.468;241.620.192
2021-07-15;126,32;126,58;124,86;125,40;1.388.086;174.382.677
2021-07-14;126,94;127,36;126,02;127,00;1.420.411;180.096.457
2021-07-13;124,84;127,26;124,58;127,26;1.928.010;244.107.470
2021-07-12;124,52;125,98;123,68;125,78;1.985.870;248.619.116
2021-07-09;123,20;124,72;122,40;124,72;2.253.779;279.322.860
2021-07-08;123,74;124,20;121,12;123,18;2.826.081;346.762.758
2021-07-07;122,30;126,06;121,90;124,50;3.265.335;405.854.215
2021-07-06;118,70;120,92;118,16;120,30;1.592.704;191.212.511
2021-07-05;118,64;119,16;117,94;118,90;874.408;103.789.847
2021-07-02;118,24;119,30;117,98;119,30;1.129.703;134.488.055
2021-07-01;119,08;119,82;117,40;118,40;1.502.458;178.062.391
2021-06-30;120,36;121,10;118,64;118,84;2.241.512;267.326.712
2021-06-29;118,22;120,50;118,22;119,74;1.619.704;193.973.032
2021-06-28;117,28;119,02;117,26;118,50;1.425.006;168.587.137
2021-06-25;118,08;118,80;117,30;117,68;1.208.488;142.417.708
2021-06-24;117,00;119,20;116,82;118,66;1.732.409;205.072.903
2021-06-23;118,70;118,80;116,58;116,58;1.267.210;148.558.073
2021-06-22;117,94;118,34;116,88;118,08;1.370.493;161.521.800
2021-06-21;117,52;119,50;117,36;118,06;1.675.128;198.043.742
2021-06-18;119,94;120,12;117,84;118,20;4.456.895;528.773.851
2021-06-17;117,54;119,36;116,84;119,36;1.796.279;212.678.341
2021-06-16;118,84;119,84;118,64;118,82;2.121.108;252.566.992
2021-06-15;120,46;121,08;120,02;120,26;1.834.134;220.831.948
2021-06-14;118,50;120,12;118,48;119,92;2.118.453;253.626.345
2021-06-11;116,80;118,34;116,28;118,34;2.254.105;265.112.822
2021-06-10;115,36;116,08;114,42;116,04;1.676.749;193.667.490
2021-06-09;116,00;116,00;114,16;115,06;1.882.247;216.570.165
2021-06-08;115,90;117,74;115,76;116,00;1.969.858;229.691.671
2021-06-07;114,64;115,96;114,20;115,60;1.506.563;174.046.997
2021-06-04;114,00;114,90;113,62;114,80;1.293.249;147.947.393
2021-06-03;114,00;114,02;112,54;113,50;1.528.108;173.336.707
2021-06-02;114,14;114,80;113,40;114,12;1.620.815;184.994.778
2021-06-01;114,40;116,14;113,92;113,92;1.590.959;182.381.780
2021-05-31;114,76;114,90;113,52;113,52;1.034.961;117.858.262
2021-05-28;113,92;115,86;113,66;115,12;1.338.226;153.696.894
2021-05-27;115,92;116,24;113,74;113,92;2.650.089;302.758.496
2021-05-26;115,54;116,30;115,20;116,02;1.330.675;154.283.753
2021-05-25;115,64;116,04;114,74;115,08;1.804.579;207.918.762
2021-05-21;114,96;115,40;114,38;114,88;2.004.830;230.421.181
2021-05-20;112,10;115,00;112,02;115,00;1.758.463;200.593.645
2021-05-19;112,78;112,96;110,94;112,10;1.980.237;221.660.636
2021-05-18;113,50;114,02;112,54;113,44;1.818.487;205.975.890
2021-05-17;114,00;114,54;112,96;112,98;1.550.230;175.634.500
2021-05-14;112,28;114,04;112,14;114,04;1.458.905;165.319.138
2021-05-13;110,78;112,64;109,10;112,16;1.858.300;206.486.772
2021-05-12;112,54;113,46;111,86;112,56;2.242.139;252.576.508
2021-05-11;114,20;114,86;111,64;113,26;2.977.716;336.223.751
2021-05-10;116,16;116,42;114,66;115,60;1.687.179;195.006.523
2021-05-07;117,06;117,64;116,32;117,36;1.663.545;194.808.192
2021-05-06;114,98;116,70;114,80;116,42;2.024.213;235.162.474
2021-05-05;114,36;116,10;114,12;115,84;2.083.805;240.595.133
2021-05-04;116,86;117,08;112,68;112,74;3.430.206;391.996.656
2021-05-03;116,80;117,80;116,02;116,62;1.435.439;167.934.684
2021-04-30;118,30;118,52;116,76;116,76;2.305.231;270.512.589
2021-04-29;119,10;119,80;117,52;118,04;1.917.209;227.161.899
2021-04-28;117,76;119,36;117,44;118,76;1.660.706;196.778.507
2021-04-27;118,38;119,40;117,92;118,04;1.574.816;186.590.460
2021-04-26;119,20;119,98;117,96;118,52;1.524.024;180.819.680
2021-04-23;120,10;120,72;117,36;119,42;2.968.949;353.558.348
2021-04-22;118,00;121,00;117,14;120,70;3.902.763;466.193.924
2021-04-21;115,00;116,70;114,08;116,70;2.260.736;262.096.227
2021-04-20;115,70;116,16;114,80;115,34;2.062.980;238.150.643
2021-04-19;116,22;116,52;115,08;116,04;1.763.933;204.531.034
2021-04-16;115,84;116,26;114,88;116,22;2.905.150;336.503.269
2021-04-15;114,40;116,26;113,70;115,68;2.804.809;323.835.651
2021-04-14;115,00;118,00;113,30;113,40;4.974.419;574.465.863
2021-04-13;111,06;112,46;110,70;112,16;1.938.263;216.716.513
2021-04-12;112,30;112,36;110,88;111,24;1.718.755;191.464.278
2021-04-09;111,54;112,38;110,48;112,30;2.369.418;264.781.553
2021-04-08;109,50;111,98;109,16;111,10;2.867.753;317.855.161
2021-04-07;108,70;109,50;107,88;109,36;2.120.500;231.206.763
2021-04-06;109,58;109,88;108,14;108,90;3.124.199;340.450.247
2021-04-01;104,96;107,14;104,70;106,78;2.751.618;292.605.682
2021-03-31;103,20;104,44;103,12;104,42;2.311.988;240.857.121
2021-03-30;103,90;104,10;103,24;103,56;2.187.648;226.603.662
2021-03-29;103,48;104,34;102,98;104,30;2.363.532;245.604.754
2021-03-26;102,78;103,38;102,32;102,88;1.856.833;191.057.961
2021-03-25;102,40;103,14;101,80;102,46;2.657.133;272.073.998
2021-03-24;103,24;104,18;102,44;102,82;2.270.733;233.837.016
2021-03-23;102,00;103,70;101,42;103,06;3.066.444;314.701.256
2021-03-22;102,98;103,80;101,98;103,50;2.650.789;273.313.486
2021-03-19;102,78;103,64;102,50;103,60;6.109.000;631.289.189
2021-03-18;102,90;103,70;102,44;102,76;3.138.312;322.835.703
2021-03-17;103,12;103,50;102,26;103,00;2.448.739;251.840.845
2021-03-16;103,20;103,56;102,52;103,02;2.245.723;231.268.236
2021-03-15;103,22;103,42;102,44;102,66;2.270.453;233.516.370
2021-03-12;105,98;105,98;103,04;103,04;3.164.384;328.711.089
2021-03-11;103,84;106,52;103,84;105,86;3.000.133;317.406.666
2021-03-10;105,94;106,52;105,08;105,82;2.454.844;259.699.466
2021-03-09;104,84;107,38;104,02;106,00;3.782.972;400.809.385
2021-03-08;102,50;105,14;101,72;104,66;3.353.179;348.323.477
2021-03-05;101,90;102,84;101,12;101,78;2.686.348;273.788.996
2021-03-04;102,00;103,66;101,64;102,68;2.374.159;243.750.500
2021-03-03;103,88;104,56;102,12;103,10;2.863.412;295.146.453
2021-03-02;103,34;104,78;102,88;103,50;2.283.786;237.151.978
2021-03-01;103,32;104,18;102,24;103,36;2.424.029;250.161.075
2021-02-26;101,00;103,32;100,54;102,06;3.570.702;364.901.364
2021-02-25;104,70;104,84;102,18;102,72;2.288.703;235.636.711
2021-02-24;102,34;103,60;102,18;103,22;1.945.024;200.364.893
2021-02-23;103,78;103,86;100,46;102,90;3.507.205;358.666.508
2021-02-22;104,00;104,50;102,92;103,90;2.407.163;249.722.727
2021-02-19;106,28;106,46;104,76;104,94;3.084.644;325.342.645
2021-02-18;104,16;106,24;104,12;106,24;3.010.056;317.208.409
2021-02-17;107,60;107,64;104,22;104,42;3.723.507;392.153.739
2021-02-16;109,00;109,00;107,90;108,34;1.671.300;181.124.626
2021-02-15;109,06;109,18;108,28;108,84;1.397.921;152.099.298
2021-02-12;108,54;108,80;107,78;108,56;1.944.941;210.616.121
2021-02-11;107,40;109,50;107,10;109,50;2.086.083;227.154.248
2021-02-10;108,68;108,68;106,42;107,28;2.256.363;242.710.514
2021-02-09;108,96;109,22;107,82;108,88;1.636.590;177.808.855
2021-02-08;109,16;109,80;108,68;108,96;1.738.462;189.699.983
2021-02-05;110,96;110,96;108,24;108,48;2.471.257;269.634.020
2021-02-04;108,20;110,70;108,08;110,28;2.638.688;289.526.721
2021-02-03;108,50;109,44;107,90;108,76;2.555.557;277.733.245
2021-02-02;107,60;108,56;107,58;108,26;2.729.353;295.172.335
2021-02-01;106,00;108,12;105,50;107,04;2.940.295;314.738.128
2021-01-29;108,20;109,04;104,80;104,80;4.982.821;527.458.457
2021-01-28;108,30;109,02;106,12;108,30;3.390.381;365.752.287
2021-01-27;110,84;111,94;108,12;109,64;4.689.464;516.194.058
2021-01-26;105,82;110,00;105,46;109,98;4.297.991;467.756.524
2021-01-25;105,16;105,74;103,80;105,52;3.204.268;336.477.738
2021-01-22;104,44;104,80;103,12;104,70;2.571.192;267.681.782
2021-01-21;105,50;106,06;104,54;104,92;2.136.404;224.584.454
2021-01-20;105,00;105,48;104,12;104,86;2.631.285;275.759.537
2021-01-19;104,10;104,44;103,24;103,90;2.676.831;278.201.458
2021-01-18;103,06;104,04;102,70;103,24;2.176.600;224.910.078
2021-01-15;105,00;106,76;102,86;103,52;5.733.895;598.371.718
2021-01-14;105,16;105,42;103,48;104,20;3.522.890;367.351.248
2021-01-13;105,78;106,04;104,46;105,36;2.650.567;279.230.760
2021-01-12;106,50;106,94;105,64;105,74;2.349.072;249.283.214
2021-01-11;106,30;106,74;105,00;106,04;2.910.670;308.709.572
2021-01-08;105,14;106,72;105,04;106,18;3.068.744;325.837.433
2021-01-07;105,58;105,70;104,04;104,52;3.176.143;332.189.138
2021-01-06;105,14;106,26;103,60;105,48;3.018.802;317.015.932
2021-01-05;104,98;106,20;104,46;105,04;2.798.888;294.607.744
2021-01-04;108,10;108,50;104,78;105,32;2.928.515;312.361.847
2020-12-30;106,94;107,68;106,58;107,22;1.526.766;163.830.799
2020-12-29;107,00;107,94;106,66;106,80;2.479.039;265.811.527
2020-12-28;105,10;106,12;104,66;105,26;2.057.725;216.805.281
2020-12-23;104,08;104,20;103,22;103,76;1.628.435;168.998.221
2020-12-22;102,10;103,96;101,90;103,62;2.628.214;271.912.384
2020-12-21;102,06;102,52;100,08;101,46;3.958.655;401.943.186
2020-12-18;105,08;106,28;103,38;104,26;11.530.301;1.207.447.292
2020-12-17;103,54;105,08;103,00;105,00;4.064.972;424.909.295
2020-12-16;101,14;102,80;100,48;102,80;3.282.115;335.394.021
2020-12-15;100,46;101,46;100,10;100,68;2.635.245;265.864.689
2020-12-14;100,20;100,56;98,69;99,93;3.244.975;323.481.875
2020-12-11;101,22;101,22;99,07;99,75;2.898.929;289.590.849
2020-12-10;102,00;102,46;99,72;101,18;3.176.748;321.142.569
2020-12-09;102,72;103,60;102,02;102,08;3.008.739;308.978.660
2020-12-08;101,70;102,08;101,04;102,08;2.271.543;230.954.371
2020-12-07;102,80;102,80;101,12;101,72;2.416.933;245.850.084
2020-12-04;101,00;102,82;100,78;102,78;2.577.941;263.548.195
2020-12-03;101,60;101,90;99,98;100,90;2.525.876;254.110.069
2020-12-02;101,58;102,12;100,82;101,30;2.366.829;239.987.009
2020-12-01;102,40;102,60;101,22;101,22;3.321.058;338.198.678
2020-11-30;100,00;101,98;99,94;101,98;6.755.003;686.603.389
2020-11-27;100,00;100,74;99,82;100,14;3.031.566;303.897.629
2020-11-26;99,40;100,52;99,07;99,54;2.528.429;252.286.137
2020-11-25;98,00;98,98;97,50;98,68;3.385.039;333.030.183
2020-11-24;99,31;99,36;97,35;97,35;3.815.389;374.751.598
2020-11-23;99,30;99,88;98,28;98,28;3.211.568;317.832.893
2020-11-20;99,52;99,63;98,75;98,80;3.909.221;387.157.382
2020-11-19;99,89;100,04;99,00;99,42;2.786.093;277.276.789
2020-11-18;98,56;100,68;98,32;100,00;3.200.979;319.236.618
2020-11-17;100,36;100,64;98,05;98,53;3.743.907;370.561.100
2020-11-16;102,40;102,92;100,28;100,28;3.911.790;396.690.812
2020-11-13;100,32;102,56;100,12;101,22;3.047.022;309.111.089
2020-11-12;101,00;102,14;100,24;100,28;3.102.238;313.141.742
2020-11-11;99,80;101,84;99,70;101,52;3.926.755;396.722.445
2020-11-10;99,88;101,46;98,44;99,09;5.525.046;550.227.632
2020-11-09;99,77;103,34;98,37;98,97;8.836.477;884.948.851
2020-11-06;97,50;98,80;95,96;97,25;4.410.580;428.818.645
2020-11-05;98,70;99,80;97,55;98,21;6.031.481;594.383.407
2020-11-04;93,28;97,04;93,11;96,75;5.385.873;513.557.509
2020-11-03;91,23;94,43;90,56;93,95;5.304.596;492.279.208
2020-11-02;92,20;92,55;89,93;90,18;6.750.240;614.666.746
2020-10-30;92,65;93,71;90,65;91,49;6.772.568;622.916.787
2020-10-29;92,48;94,17;90,70;93,26;8.118.477;749.776.864
2020-10-28;96,95;97,16;91,91;92,24;11.914.772;1.114.863.874
2020-10-27;100,00;101,24;96,84;96,95;14.314.818;1.417.143.785
2020-10-26;100,00;105,40;96,34;97,50;22.200.336;2.220.182.744
2020-10-23;124,50;125,32;124,08;124,90;1.746.267;217.970.617
2020-10-22;124,28;124,80;122,60;124,50;2.360.335;292.579.842
2020-10-21;127,94;127,98;124,84;124,92;2.433.244;305.190.090
2020-10-20;130,78;131,34;127,54;127,54;1.948.091;250.534.088
2020-10-19;133,16;134,34;131,00;131,00;1.413.353;186.579.610
2020-10-16;131,20;134,10;130,56;132,84;1.982.619;262.552.209
2020-10-15;132,58;133,16;129,52;130,56;2.092.833;273.577.295
2020-10-14;134,42;135,62;133,96;134,32;1.168.173;157.223.487
2020-10-13;134,30;134,70;132,78;134,08;1.326.801;177.579.229
2020-10-12;133,50;134,64;132,64;134,38;1.157.483;155.115.145
2020-10-09;132,34;133,08;131,12;133,06;1.506.407;199.436.406
2020-10-08;131,22;132,82;130,72;132,34;1.563.472;206.432.341
2020-10-07;131,90;131,98;129,48;130,38;1.654.910;216.142.800
2020-10-06;132,86;132,86;130,72;131,46;1.379.980;181.586.423
2020-10-05;133,12;133,50;131,50;132,40;1.229.708;162.606.265
2020-10-02;132,10;133,54;131,50;132,76;1.417.115;187.919.132
2020-10-01;134,44;134,56;132,44;133,74;1.575.372;210.283.672
2020-09-30;133,00;134,16;131,58;132,76;1.911.468;254.142.369
2020-09-29;133,92;134,38;133,08;134,16;1.286.122;172.272.207
2020-09-28;130,98;134,86;130,36;134,66;2.404.084;321.380.264
2020-09-25;131,92;131,96;127,20;129,96;2.232.956;289.425.075
2020-09-24;130,64;132,20;129,72;131,96;1.784.629;234.463.191
2020-09-23;134,26;134,84;132,00;132,00;1.486.774;197.595.738
2020-09-22;132,04;133,88;132,04;132,50;2.181.539;289.667.788
2020-09-21;135,00;135,54;130,44;131,00;2.611.450;344.149.023
2020-09-18;135,30;138,12;135,06;135,50;6.750.513;920.432.138
2020-09-17;133,44;136,36;133,12;135,52;1.575.107;213.035.374
2020-09-16;136,46;137,64;135,10;135,96;1.639.969;223.311.277
2020-09-15;135,98;136,34;134,92;135,28;1.378.521;186.613.222
2020-09-14;136,72;137,30;135,10;135,56;1.090.646;148.059.260
2020-09-11;136,50;136,90;134,04;135,50;1.558.938;211.088.035
2020-09-10;138,34;138,48;135,36;136,02;1.567.887;214.112.204
2020-09-09;132,66;137,92;132,52;137,52;1.936.110;263.699.708
2020-09-08;136,50;136,68;131,88;133,44;2.137.498;285.772.055
2020-09-07;133,84;137,00;133,42;136,82;1.212.227;164.714.738
2020-09-04;135,38;137,38;130,48;132,86;3.145.260;421.521.252
2020-09-03;142,44;143,32;136,36;137,32;2.355.908;329.359.456
2020-09-02;140,26;142,40;139,40;141,50;2.284.225;323.007.056
2020-09-01;139,64;140,80;137,48;138,64;1.785.599;248.092.764
2020-08-31;140,22;140,64;137,58;138,04;1.656.416;229.483.178
2020-08-28;140,38;140,74;138,80;139,76;1.449.213;202.381.252
2020-08-27;142,74;142,88;140,08;140,36;1.504.126;212.323.198
2020-08-26;139,88;142,26;139,24;142,26;1.442.643;204.002.837
2020-08-25;139,22;140,52;138,86;139,26;1.458.054;203.568.408
2020-08-24;137,00;139,32;137,00;138,60;1.425.467;197.449.409
2020-08-21;137,50;138,00;134,70;135,80;2.025.280;276.052.508
2020-08-20;135,50;136,88;134,78;136,54;1.533.941;208.942.226
2020-08-19;135,04;137,42;134,80;136,84;1.248.577;170.618.416
2020-08-18;135,28;137,42;134,68;135,32;1.577.919;214.164.784
2020-08-17;135,00;136,38;135,00;135,66;951.666;129.189.509
2020-08-14;136,54;137,18;135,06;135,24;1.258.424;170.528.719
2020-08-13;137,48;137,84;135,84;137,12;1.432.603;196.009.212
2020-08-12;136,66;138,14;135,06;138,08;1.550.526;212.539.546
2020-08-11;135,62;138,12;134,56;137,10;2.024.722;277.485.841
2020-08-10;136,52;136,92;134,20;134,94;1.492.682;201.825.096
2020-08-07;135,46;137,48;134,90;137,22;1.527.331;208.620.572
2020-08-06;135,86;137,84;134,92;135,24;1.582.722;214.787.007
2020-08-05;136,20;137,16;135,90;136,00;1.568.042;213.901.262
2020-08-04;138,50;138,50;133,76;135,32;2.028.269;274.615.824
2020-08-03;134,54;138,16;134,30;137,54;2.374.262;325.338.968
2020-07-31;134,00;136,30;133,62;133,78;2.530.930;340.425.630
2020-07-30;139,50;139,50;132,60;133,52;2.662.433;358.424.823
2020-07-29;137,06;140,06;137,00;139,56;1.576.655;219.660.136
2020-07-28;140,60;140,72;137,00;137,76;1.923.632;265.885.756
2020-07-27;141,00;141,06;138,10;139,30;2.146.435;299.363.757
2020-07-24;136,84;137,18;134,94;135,64;2.911.843;395.720.135
2020-07-23;142,80;142,82;141,08;141,26;2.013.707;284.833.376
2020-07-22;141,52;142,76;140,64;142,24;1.497.826;212.758.734
2020-07-21;141,28;143,20;141,06;141,86;2.029.889;288.550.730
2020-07-20;136,78;139,40;135,80;139,24;1.720.263;237.938.072
2020-07-17;136,20;136,58;135,22;135,90;2.284.279;310.214.684
2020-07-16;136,08;137,02;135,36;135,46;2.111.962;287.012.325
2020-07-15;135,66;137,78;134,84;137,34;2.797.576;382.051.101
2020-07-14;134,04;134,52;131,18;133,94;2.563.924;341.123.005
2020-07-13;137,08;138,16;135,76;137,52;2.162.648;296.590.686
2020-07-10;134,52;135,56;133,60;135,04;2.106.071;283.844.007
2020-07-09;137,50;139,72;133,98;134,68;4.127.715;565.150.433
2020-07-08;127,82;129,50;127,66;128,78;1.659.263;213.410.730
2020-07-07;130,32;130,42;127,82;128,78;1.782.075;229.370.845
2020-07-06;129,68;130,80;129,00;130,72;1.962.994;255.501.010
2020-07-03;128,00;128,30;127,12;127,58;1.407.442;179.750.223
2020-07-02;125,32;127,66;124,54;127,66;2.649.799;335.830.094
2020-07-01;122,98;124,16;121,44;123,86;1.979.534;244.210.660
2020-06-30;122,72;124,46;122,18;124,32;2.438.697;301.724.363
2020-06-29;122,32;123,40;121,46;122,44;2.611.429;319.991.618
2020-06-26;122,00;125,06;121,36;122,12;2.213.330;272.312.858
2020-06-25;119,84;121,78;118,12;120,80;2.709.382;325.886.688
2020-06-24;124,14;124,58;120,10;120,10;3.178.092;386.095.806
2020-06-23;125,60;127,78;124,98;125,50;3.193.594;403.046.246
2020-06-22;121,98;125,48;121,52;124,02;2.872.553;355.759.515
2020-06-19;121,60;124,76;120,92;123,48;11.148.444;1.376.505.462
2020-06-18;120,30;122,34;119,36;120,40;3.548.641;428.256.824
2020-06-17;118,48;120,74;117,54;120,24;3.340.030;399.327.285
2020-06-16;116,00;119,82;115,30;118,82;3.929.508;464.984.986
2020-06-15;112,60;115,10;111,68;114,36;2.819.896;321.014.926
2020-06-12;115,30;118,08;113,84;115,30;3.261.941;378.116.618
2020-06-11;118,56;119,86;116,38;116,38;3.438.234;404.264.360
2020-06-10;121,40;122,38;119,94;120,46;2.326.294;281.115.856
2020-06-09;120,48;121,76;119,74;120,68;3.690.623;446.124.267
2020-06-08;120,62;120,96;118,42;120,22;2.824.410;338.240.352
2020-06-05;120,20;121,38;118,12;121,14;4.454.407;535.669.563
2020-06-04;118,58;120,60;118,02;119,60;3.330.477;397.920.164
2020-06-03;117,00;119,40;116,02;119,04;4.160.300;490.233.378
2020-06-02;116,90;117,00;112,86;115,94;4.767.770;550.435.979
2020-05-29;111,80;115,28;111,22;113,50;8.886.659;1.008.169.021
2020-05-28;111,90;113,26;110,86;112,60;2.724.151;210.972.181
2020-05-27;111,16;112,94;110,66;111,84;3.238.084;362.040.539
2020-05-26;113,40;113,54;110,60;110,98;2.903.668;324.633.569
2020-05-25;107,50;111,76;107,32;111,60;2.617.792;289.256.548
2020-05-22;104,86;106,78;104,56;106,38;2.466.986;260.708.318
2020-05-21;108,36;108,36;106,40;106,78;2.160.165;231.952.803
2020-05-20;107,78;110,54;107,54;110,20;2.928.298;320.552.172
2020-05-19;108,46;109,20;106,78;108,08;3.456.418;372.483.573
2020-05-18;106,22;108,24;105,78;107,36;3.136.204;335.756.891
2020-05-15;104,86;105,48;103,32;103,74;3.448.264;359.424.620
2020-05-14;104,42;105,28;101,80;103,90;3.940.796;408.304.992
2020-05-13;106,98;107,72;105,48;106,00;2.953.879;314.671.034
2020-05-12;106,08;107,54;105,76;106,86;2.297.826;245.423.802
2020-05-11;107,86;107,90;105,34;106,64;2.215.143;235.953.393
2020-05-08;108,04;108,32;106,94;107,74;2.425.684;260.832.907
2020-05-07;105,94;108,54;105,62;107,34;3.719.688;399.431.406
2020-05-06;107,90;108,40;104,84;105,30;3.919.584;416.177.966
2020-05-05;107,66;108,56;105,46;108,44;3.028.444;324.679.543
2020-05-04;106,20;107,28;105,28;106,88;4.430.812;472.097.420
2020-04-30;110,84;111,80;108,08;108,94;4.692.164;515.908.185
2020-04-29;109,00;109,90;107,18;109,80;2.539.753;276.140.666
2020-04-28;107,66;110,12;107,60;108,84;3.037.613;330.718.891
2020-04-27;109,00;109,50;107,16;107,80;2.106.179;227.264.301
2020-04-24;106,22;108,06;105,14;106,68;2.890.515;309.187.462
2020-04-23;108,26;109,32;106,12;108,12;2.889.458;311.029.757
2020-04-22;108,70;109,30;107,30;108,24;2.932.900;317.308.497
2020-04-21;110,50;111,38;105,56;106,28;4.127.784;447.179.783
2020-04-20;113,98;114,20;110,28;113,74;2.405.989;271.275.847
2020-04-17;113,02;114,28;112,16;113,06;4.543.809;513.945.250
2020-04-16;110,10;111,06;109,08;110,10;2.778.777;305.831.292
2020-04-15;111,50;111,62;106,82;108,30;4.296.678;467.518.433
2020-04-14;112,60;114,86;112,00;112,00;4.216.307;476.921.852
2020-04-09;107,50;111,26;105,96;110,00;5.230.324;568.239.403
2020-04-08;104,10;105,24;103,28;105,00;2.903.942;303.641.747
2020-04-07;104,86;105,60;102,32;103,68;3.640.581;378.835.751
2020-04-06;100,70;102,32;99,50;101,40;3.345.981;337.909.459
2020-04-03;96,55;97,84;96,20;97,35;2.925.187;284.032.991
2020-04-02;98,46;98,69;95,06;97,23;4.141.403;401.000.667
2020-04-01;99,50;100,66;97,22;98,10;4.154.922;409.241.948
2020-03-31;104,08;104,52;100,30;102,80;3.898.272;399.726.368
2020-03-30;101,02;102,18;99,20;102,18;3.078.636;311.502.976
2020-03-27;102,22;104,04;98,85;99,87;4.245.574;428.471.818
2020-03-26;96,55;103,96;96,50;103,96;5.820.230;590.165.377
2020-03-25;102,14;102,58;94,72;99,00;5.773.778;566.099.628
2020-03-24;97,10;99,32;95,10;99,32;6.617.752;649.268.559
2020-03-23;86,81;95,76;86,22;92,14;6.887.871;627.691.981
2020-03-20;91,65;94,52;89,00;91,26;10.777.435;984.163.158
2020-03-19;88,20;90,69;84,02;87,63;8.012.428;699.191.576
2020-03-18;89,39;90,14;85,66;89,07;7.020.653;622.046.252
2020-03-17;92,50;95,21;86,65;92,36;9.619.836;872.251.188
2020-03-16;86,52;92,66;82,13;89,76;13.189.466;1.147.758.505
2020-03-13;93,38;99,27;90,22;92,67;10.929.316;1.028.330.593
2020-03-12;95,21;97,03;90,59;90,90;13.618.787;1.269.368.191
2020-03-11;101,24;102,72;100,00;100,64;6.450.756;653.155.644
2020-03-10;100,42;104,50;99,89;100,66;10.148.677;1.036.211.858
2020-03-09;100,00;102,10;97,47;98,94;10.766.037;1.078.415.214
2020-03-06;107,50;108,56;105,04;107,52;6.048.024;645.818.885
2020-03-05;112,00;112,30;109,10;110,24;4.206.723;463.627.084
2020-03-04;112,04;113,84;110,90;111,50;4.369.159;489.703.515
2020-03-03;110,10;115,68;110,10;112,94;5.522.488;627.013.911
2020-03-02;113,00;114,88;109,08;111,00;5.680.000;633.986.690
2020-02-28;111,26;112,50;109,30;111,56;9.255.786;1.027.908.692
2020-02-27;115,76;117,14;113,28;115,54;5.574.865;642.691.165
2020-02-26;118,40;119,64;113,60;118,76;5.132.531;602.831.108
2020-02-25;122,12;122,80;118,52;119,28;3.551.834;426.578.846
2020-02-24;122,12;123,16;120,18;121,24;4.286.988;520.731.925
2020-02-21;127,24;128,36;125,36;126,16;2.835.348;359.601.056
2020-02-20;129,58;129,58;127,80;127,80;2.041.776;261.907.584
2020-02-19;127,76;129,60;127,06;129,44;1.916.597;246.668.048
2020-02-18;126,50;127,58;126,12;127,32;1.873.726;238.085.968
2020-02-17;127,50;127,80;126,74;127,40;1.038.671;132.229.536
2020-02-14;126,70;127,14;125,94;127,14;1.536.676;194.733.952
2020-02-13;126,62;126,90;124,02;126,80;2.102.326;264.922.352
2020-02-12;125,10;127,10;125,06;126,82;1.859.593;235.182.976
2020-02-11;124,54;125,82;124,00;125,36;1.896.258;237.392.864
2020-02-10;123,52;123,80;123,06;123,66;1.539.557;190.165.072
2020-02-07;123,66;124,56;123,38;124,08;2.168.880;269.162.304
2020-02-06;125,08;125,22;123,16;124,42;2.001.144;248.681.376
2020-02-05;123,98;125,18;123,92;124,60;2.730.518;339.748.320
2020-02-04;120,42;123,06;120,30;122,98;2.470.427;301.894.432
2020-02-03;118,92;120,22;118,14;120,00;2.494.104;298.097.920
2020-01-31;118,86;119,84;117,82;117,82;3.235.383;383.334.112
2020-01-30;118,40;119,16;117,82;118,18;2.959.833;350.127.296
2020-01-29;119,92;120,18;119,12;120,00;2.208.420;264.532.400
2020-01-28;121,34;122,06;117,28;119,84;4.511.982;539.643.776
2020-01-27;124,54;125,46;122,12;122,46;3.436.180;423.653.984
2020-01-24;125,50;127,00;125,48;126,90;2.038.873;257.924.272
2020-01-23;125,70;125,84;123,84;123,84;2.077.357;258.495.696
2020-01-22;126,76;126,98;125,84;126,60;1.987.251;251.452.864
2020-01-21;125,12;126,20;124,34;126,20;1.604.873;201.364.400
2020-01-20;126,00;126,14;125,24;125,66;1.121.581;140.969.680
2020-01-17;123,50;125,96;123,42;125,96;3.059.906;383.540.640
2020-01-16;123,10;123,44;121,76;122,44;1.473.122;180.400.480
2020-01-15;123,58;124,04;122,54;123,00;1.784.830;219.922.448
2020-01-14;123,96;124,22;123,12;123,60;1.727.071;213.507.440
2020-01-13;124,02;124,32;123,38;123,76;1.456.615;180.355.728
2020-01-10;123,88;124,30;123,24;123,76;1.464.936;181.308.272
2020-01-09;122,30;123,34;122,04;123,16;2.354.193;289.467.424
2020-01-08;119,40;121,46;118,38;120,82;2.044.239;245.616.000
2020-01-07;120,06;121,20;119,68;120,10;1.951.018;234.793.424
2020-01-06;119,22;119,98;118,00;119,56;1.838.328;218.953.440
2020-01-03;120,18;120,98;119,38;120,46;1.929.766;231.753.504
2020-01-02;119,72;122,52;119,42;122,00;1.707.496;207.097.952
2019-12-30;120,62;121,10;120,00;120,32;859.842;103.549.008
2019-12-27;121,08;122,04;120,74;121,40;1.164.464;141.372.880
2019-12-23;121,18;121,36;119,82;120,76;1.436.685;173.360.544
2019-12-20;119,56;121,46;119,34;120,94;5.887.926;711.489.664
2019-12-19;120,68;120,68;118,74;119,56;2.663.483;318.422.400
2019-12-18;119,82;120,60;119,04;119,58;2.585.256;309.469.728
2019-12-17;123,56;124,04;120,52;120,56;3.530.908;428.381.088
2019-12-16;124,34;124,94;123,88;124,72;1.676.059;208.769.712
2019-12-13;124,06;124,54;122,38;124,16;2.589.283;320.805.824
2019-12-12;122,00;122,84;120,90;122,12;2.030.252;247.592.992
2019-12-11;121,74;122,04;120,66;121,40;1.837.450;222.855.008
2019-12-10;121,76;121,98;119,42;121,74;2.072.356;250.643.760
2019-12-09;121,94;122,44;121,50;121,94;1.375.858;167.766.640
2019-12-06;121,68;122,46;121,04;122,20;1.652.374;201.485.440
2019-12-05;122,24;122,64;121,24;121,24;1.556.015;189.260.736
2019-12-04;120,36;122,44;120,36;122,08;1.730.025;210.930.128
2019-12-03;120,58;121,20;119,60;120,16;1.901.135;228.666.240
2019-12-02;123,40;124,68;119,38;119,44;2.875.912;348.111.072
2019-11-29;121,62;123,88;121,28;123,48;1.975.959;243.589.584
2019-11-28;122,42;122,74;121,90;122,52;779.668;95.450.856
2019-11-27;123,00;123,42;122,20;123,04;1.325.960;162.895.936
2019-11-26;123,54;123,82;122,38;122,40;2.735.515;335.481.728
2019-11-25;123,40;123,80;122,88;123,36;1.316.990;162.408.944
2019-11-22;122,24;123,66;122,16;122,80;2.160.321;265.685.792
2019-11-21;121,44;122,78;120,96;122,36;2.110.179;257.735.872
2019-11-20;122,22;122,72;121,38;122,26;1.586.995;193.719.152
2019-11-19;122,38;124,50;122,10;122,66;2.147.243;264.446.768
2019-11-18;121,56;122,38;120,76;122,06;1.947.385;237.073.616
2019-11-15;122,50;122,60;121,20;122,60;2.553.577;311.856.640
2019-11-14;122,00;122,78;121,56;121,56;2.128.095;259.466.960
2019-11-13;122,50;123,24;121,64;122,12;1.871.907;228.869.728
2019-11-12;123,52;123,90;122,70;123,34;1.462.470;180.314.944
2019-11-11;123,04;123,98;122,78;123,54;1.489.303;183.884.496
2019-11-08;122,30;123,40;121,82;123,26;1.890.053;232.530.144
2019-11-07;122,48;122,90;121,50;122,70;1.833.254;224.395.632
2019-11-06;120,12;122,08;119,94;122,08;1.861.912;226.443.552
2019-11-05;120,96;121,24;119,70;120,36;2.057.347;247.803.424
2019-11-04;120,06;121,26;119,52;120,82;2.028.552;244.956.480
2019-11-01;118,90;120,40;118,82;119,62;1.239.631;148.313.344
2019-10-31;119,10;120,16;118,20;118,80;1.949.607;231.933.584
2019-10-30;118,48;119,50;117,54;119,40;1.817.922;216.288.144
2019-10-29;119,56;119,72;118,56;118,90;1.478.616;175.924.752
2019-10-28;119,16;120,14;118,52;119,70;1.420.196;169.843.088
2019-10-25;118,98;119,22;117,88;119,22;1.421.009;168.948.208
2019-10-24;119,40;119,40;117,92;118,88;1.530.839;181.633.712
2019-10-23;117,80;118,58;117,42;118,46;2.088.400;246.672.480
2019-10-22;119,32;120,94;118,44;119,50;2.703.659;324.255.648
2019-10-21;116,24;119,48;115,36;118,74;2.556.547;301.923.712
2019-10-18;115,78;117,16;115,40;115,82;2.856.344;331.852.928
2019-10-17;116,64;117,18;115,56;116,00;2.634.515;306.482.976
2019-10-16;115,48;117,10;115,38;116,64;2.825.092;329.106.784
2019-10-15;115,00;115,96;114,28;115,48;2.776.064;319.935.488
2019-10-14;114,60;115,16;113,32;114,76;2.227.533;254.949.280
2019-10-11;113,50;115,76;112,18;115,68;7.325.260;834.680.128
2019-10-10;105,62;105,66;103,98;104,94;2.477.881;259.841.216
2019-10-09;103,14;105,90;103,06;105,90;2.151.496;226.598.656
2019-10-08;104,90;105,02;103,38;103,66;1.853.131;192.611.104
2019-10-07;104,50;104,88;103,52;104,28;2.109.005;219.759.392
2019-10-04;103,56;105,06;103,08;104,84;2.633.484;274.758.368
2019-10-02;106,88;106,88;103,34;103,34;2.804.210;292.219.744
2019-10-01;108,38;109,20;106,86;106,86;1.986.907;213.380.064
2019-09-30;107,56;108,58;106,78;107,88;1.919.119;206.938.528
2019-09-27;107,70;109,08;107,58;107,80;1.732.433;187.331.456
2019-09-26;106,64;107,94;106,52;107,50;1.896.194;203.533.776
2019-09-25;107,50;107,74;105,80;106,70;1.812.134;193.125.008
2019-09-24;108,72;109,24;108,06;108,38;1.332.802;144.777.248
2019-09-23;109,14;109,20;108,02;108,12;1.991.289;215.898.928
2019-09-20;108,84;109,86;107,64;109,86;7.274.042;795.297.792
2019-09-19;108,20;109,36;107,96;109,10;1.892.125;206.163.552
2019-09-18;108,50;108,68;107,84;108,50;1.741.386;188.754.640
2019-09-17;106,80;108,56;106,48;108,26;1.795.910;194.001.936
2019-09-16;107,16;107,20;105,74;106,48;1.912.766;203.523.984
2019-09-13;109,52;109,74;107,88;107,88;2.224.830;240.958.528
2019-09-12;109,14;110,40;108,10;109,34;2.393.558;261.541.584
2019-09-11;109,44;110,12;108,84;109,14;1.583.581;173.158.768
2019-09-10;109,70;109,84;107,50;108,74;2.132.667;231.295.664
2019-09-09;111,08;111,74;109,98;110,20;1.360.904;150.502.592
2019-09-06;111,90;112,06;110,96;111,30;1.790.502;199.523.904
2019-09-05;110,00;111,62;109,66;111,48;2.195.946;244.057.408
2019-09-04;108,92;109,44;108,54;109,22;1.660.004;181.057.616
2019-09-03;108,34;108,98;107,72;108,30;1.531.858;165.915.632
2019-09-02;108,06;108,80;107,50;108,36;1.007.361;109.054.936
2019-08-30;108,60;109,60;108,12;108,60;1.680.992;182.856.992
2019-08-29;106,82;108,80;106,60;108,38;1.648.210;178.396.640
2019-08-28;107,74;107,74;106,00;107,12;1.568.135;167.656.400
2019-08-27;107,00;109,14;106,44;108,54;2.155.424;233.166.816
2019-08-26;105,62;106,92;105,28;106,72;1.167.023;124.037.048
2019-08-23;108,50;109,26;106,38;106,38;2.333.551;250.550.816
2019-08-22;109,34;109,96;107,38;107,48;2.074.114;224.171.344
2019-08-21;107,16;109,86;106,92;109,86;2.042.372;223.245.312
2019-08-20;107,96;108,22;106,74;106,86;1.650.077;176.942.048
2019-08-19;108,56;108,70;107,48;107,98;1.641.413;177.342.432
2019-08-16;106,24;107,58;106,08;107,30;2.347.862;251.372.928
2019-08-15;106,52;106,72;104,04;105,74;2.664.902;281.581.344
2019-08-14;107,84;107,96;104,92;105,48;2.699.332;285.462.144
2019-08-13;105,92;108,66;105,44;107,62;2.310.378;247.535.216
2019-08-12;106,68;108,06;105,90;106,34;1.245.355;132.784.448
2019-08-09;108,52;109,06;105,80;106,08;2.604.093;277.466.944
2019-08-08;108,00;108,66;107,40;108,66;2.446.102;264.878.976
2019-08-07;104,66;106,76;104,50;106,20;2.848.175;301.886.336
2019-08-06;106,34;107,22;104,00;104,00;2.660.904;280.344.736
2019-08-05;108,22;108,30;105,74;106,18;3.698.539;394.386.752
2019-08-02;110,68;112,14;109,14;109,36;3.650.556;401.749.056
2019-08-01;110,62;113,18;110,56;113,18;1.916.607;215.511.744
2019-07-31;110,50;112,14;110,10;111,72;2.035.920;226.938.512
2019-07-30;113,64;113,64;110,34;110,58;2.482.270;275.837.152
2019-07-29;114,20;114,96;113,42;113,42;1.512.146;172.140.688
2019-07-26;113,30;114,34;112,60;114,10;2.064.020;234.946.080
2019-07-25;114,62;114,82;112,22;112,22;3.429.388;388.313.280
2019-07-24;112,56;114,22;112,54;113,78;2.283.223;259.602.224
2019-07-23;111,98;112,62;111,24;112,46;2.503.598;280.851.552
2019-07-22;112,00;112,48;110,96;111,24;2.076.869;231.681.728
2019-07-19;113,28;113,74;111,40;112,00;3.739.082;420.033.344
2019-07-18;110,00;114,42;108,10;113,32;6.059.180;681.715.776
2019-07-17;121,14;121,92;119,40;120,06;2.346.564;282.718.976
2019-07-16;121,44;121,64;120,32;120,98;2.004.279;242.119.392
2019-07-15;121,26;122,42;120,62;121,42;1.411.626;171.478.016
2019-07-12;121,98;122,14;120,90;121,06;1.655.671;200.775.424
2019-07-11;122,50;122,62;121,10;121,92;1.614.771;196.599.920
2019-07-10;122,98;123,04;121,36;121,90;1.812.330;221.336.416
2019-07-09;123,42;124,06;122,54;123,00;2.134.639;262.700.848
2019-07-08;122,66;123,94;122,48;123,20;1.486.343;183.236.608
2019-07-05;123,68;124,70;122,12;122,82;2.056.605;253.422.528
2019-07-04;124,86;124,98;123,48;123,76;1.195.658;148.316.320
2019-07-03;123,46;125,00;123,34;124,38;2.029.596;252.373.056
2019-07-02;122,86;123,50;121,74;123,50;1.950.067;239.815.504
2019-07-01;122,58;123,64;121,14;122,26;2.507.852;306.471.200
2019-06-28;118,32;120,76;118,26;120,76;3.600.914;432.320.672
2019-06-27;118,80;118,80;116,96;118,00;1.933.707;227.981.744
2019-06-26;117,44;118,52;116,98;118,50;2.114.001;249.637.712
2019-06-25;118,68;119,74;118,22;118,46;2.034.657;241.877.536
2019-06-24;118,50;119,24;118,26;118,82;1.792.674;212.940.656
2019-06-21;118,64;119,44;117,76;118,50;8.413.074;997.381.632
2019-06-20;118,50;119,42;118,32;118,72;2.162.343;257.025.248
2019-06-19;117,56;118,12;116,86;116,98;2.393.016;280.401.920
2019-06-18;115,00;118,22;113,58;118,16;3.314.071;388.478.528
2019-06-17;114,60;114,98;113,84;114,62;1.628.327;186.573.040
2019-06-14;114,68;114,68;113,18;113,54;1.680.954;191.134.688
2019-06-13;113,76;114,90;113,52;114,44;1.913.057;218.752.816
2019-06-12;112,38;113,58;111,96;113,32;1.840.442;208.058.016
2019-06-11;114,02;114,66;113,18;113,18;2.014.094;228.888.032
2019-06-07;112,10;114,24;112,08;113,72;2.354.457;267.202.080
2019-06-06;112,16;112,80;110,58;111,38;1.885.826;210.470.160
2019-06-05;112,24;113,92;111,48;111,96;2.471.815;277.935.968
2019-06-04;108,92;111,14;108,28;111,14;2.637.001;290.661.920
2019-06-03;109,60;111,38;109,18;111,22;2.280.685;252.856.160
2019-05-31;111,44;111,78;109,90;110,42;2.588.784;285.919.104
2019-05-30;111,58;112,22;110,92;112,00;1.120.984;125.328.640
2019-05-29;112,24;112,78;111,20;111,20;2.539.627;283.384.640
2019-05-28;113,80;114,12;112,70;113,16;2.891.163;327.441.504
2019-05-27;114,22;114,46;113,38;113,72;676.763;77.025.696
2019-05-24;113,34;114,50;113,34;113,62;1.872.287;213.238.160
2019-05-23;114,44;114,82;112,78;113,18;2.893.570;328.394.304
2019-05-22;113,56;115,72;113,56;115,68;2.623.657;301.257.184
2019-05-21;112,82;114,54;112,32;113,76;2.226.387;253.111.328
2019-05-20;113,88;114,20;111,28;111,90;2.827.331;317.243.328
2019-05-17;115,30;115,62;113,78;114,60;3.387.785;388.711.456
2019-05-16;111,66;116,22;111,46;116,08;3.770.718;432.705.568
2019-05-15;112,86;113,28;110,66;112,96;3.704.943;416.273.696
2019-05-14;110,80;111,92;109,38;111,92;3.358.261;373.299.072
2019-05-13;110,94;111,34;109,78;109,90;3.210.370;354.312.352
2019-05-10;111,60;111,92;109,92;110,24;2.427.404;268.523.072
2019-05-09;110,10;111,70;109,56;110,08;2.681.636;296.421.536
2019-05-08;110,00;111,24;109,42;111,10;2.368.627;261.882.032
2019-05-07;112,20;113,18;109,96;110,06;2.699.819;299.070.848
2019-05-06;111,38;112,80;111,04;112,50;2.105.594;236.158.960
2019-05-03;112,60;113,66;112,32;113,66;2.209.498;250.216.256
2019-05-02;113,60;114,00;112,44;113,10;2.984.610;337.832.160
2019-04-30;114,20;115,20;113,24;114,58;2.576.082;294.426.624
2019-04-29;113,72;115,00;111,76;115,00;2.241.297;255.762.576
2019-04-26;115,34;117,08;114,10;114,34;3.778.974;436.315.552
2019-04-25;115,08;115,20;111,70;115,04;4.612.262;527.404.064
2019-04-24;107,00;116,32;106,92;114,62;8.635.777;967.868.800
2019-04-23;100,80;102,14;100,50;101,84;2.144.933;217.833.872
2019-04-18;99,66;101,02;99,22;100,48;3.944.639;396.154.752
2019-04-17;98,10;100,06;97,77;99,37;2.283.564;226.352.576
2019-04-16;99,33;100,08;98,95;99,47;1.781.291;177.203.200
2019-04-15;99,39;99,78;99,01;99,76;1.294.138;128.810.616
2019-04-12;99,81;100,18;99,13;99,39;1.668.823;166.203.984
2019-04-11;99,61;100,10;99,29;99,67;1.782.098;177.707.808
2019-04-10;98,34;100,00;98,33;99,70;2.276.733;226.593.536
2019-04-09;99,55;99,97;97,79;98,38;3.596.866;355.508.384
2019-04-08;101,06;101,88;100,26;101,88;2.674.479;271.032.416
2019-04-05;102,92;102,98;101,68;102,50;2.909.137;297.800.608
2019-04-04;104,18;104,88;103,64;103,64;2.248.473;234.126.720
2019-04-03;103,68;104,18;103,32;103,84;2.029.689;210.696.928
2019-04-02;103,20;103,50;102,88;103,10;1.546.912;159.542.128
2019-04-01;103,00;103,64;102,82;103,00;2.084.518;214.793.344
2019-03-29;102,18;103,40;102,06;103,00;2.495.406;256.614.640
2019-03-28;100,52;102,06;100,50;101,44;2.113.641;214.519.648
2019-03-27;100,96;101,28;100,04;100,24;2.139.758;214.905.024
2019-03-26;99,00;100,86;98,85;100,86;2.169.402;217.698.176
2019-03-25;97,90;98,89;97,36;98,64;1.708.697;168.216.608
2019-03-22;100,40;100,94;98,62;98,68;2.673.512;265.324.704
2019-03-21;100,04;100,28;99,06;100,10;1.783.181;178.084.224
2019-03-20;100,24;100,80;99,83;100,10;2.488.618;249.335.808
2019-03-19;99,00;100,22;98,75;100,14;1.780.112;177.665.248
2019-03-18;99,60;99,68;98,37;98,85;1.649.618;163.042.592
2019-03-15;97,54;99,40;97,10;99,35;7.301.998;721.660.544
2019-03-14;96,08;97,16;95,98;97,00;2.086.930;201.767.040
2019-03-13;95,70;96,66;95,57;96,40;2.514.742;242.094.720
2019-03-12;96,00;96,00;95,04;95,60;1.650.259;157.709.568
2019-03-11;95,75;95,96;94,74;95,84;1.538.735;146.988.672
2019-03-08;94,34;95,69;94,28;95,60;1.885.166;179.604.816
2019-03-07;95,16;95,98;94,59;95,32;2.153.180;205.195.248
2019-03-06;95,10;95,95;94,96;95,20;1.288.079;122.812.496
2019-03-05;94,46;95,44;94,38;95,37;1.384.275;131.665.496
2019-03-04;95,86;95,90;94,65;94,68;1.175.316;111.726.536
2019-03-01;94,37;95,01;94,31;94,89;1.749.562;165.854.576
2019-02-28;92,68;94,26;92,60;94,20;2.136.184;200.831.680
2019-02-27;94,04;94,43;93,32;93,81;1.573.766;147.577.840
2019-02-26;93,95;94,65;93,51;94,52;1.892.686;178.210.624
2019-02-25;95,89;95,90;94,69;94,98;1.484.217;141.034.800
2019-02-22;95,02;95,72;94,81;95,41;1.779.721;169.804.416
2019-02-21;94,23;94,88;94,20;94,77;1.638.640;155.141.008
2019-02-20;93,94;94,63;93,92;94,45;1.407.318;132.806.704
2019-02-19;94,12;95,03;93,63;94,02;1.457.972;137.231.936
2019-02-18;94,60;94,75;94,06;94,21;1.102.954;104.010.040
2019-02-15;93,23;94,99;92,68;94,30;2.376.135;223.650.560
2019-02-14;94,20;94,56;93,40;93,56;1.830.496;171.773.472
2019-02-13;93,39;94,09;92,39;93,36;1.827.525;170.535.120
2019-02-12;93,00;93,37;92,28;92,40;1.583.096;146.807.344
2019-02-11;91,70;92,97;91,50;92,47;1.673.416;154.666.144
2019-02-08;90,55;92,34;90,55;91,66;2.943.430;269.818.560
2019-02-07;92,50;93,10;90,96;90,96;2.733.040;250.451.216
2019-02-06;92,90;93,42;92,70;92,91;1.702.651;158.321.040
2019-02-05;90,85;92,98;90,59;92,90;2.828.222;261.796.960
2019-02-04;90,02;90,97;89,92;90,97;2.067.963;187.280.736
2019-02-01;90,60;91,08;89,96;90,79;2.575.854;233.296.144
2019-01-31;89,85;90,25;89,00;90,25;3.122.480;280.677.600
2019-01-30;89,11;89,85;88,41;88,83;2.825.191;251.702.672
2019-01-29;90,30;91,39;89,56;89,81;4.616.496;416.523.904
2019-01-28;92,60;92,98;92,09;92,36;2.371.917;219.313.312
2019-01-25;93,62;93,92;92,66;92,66;2.454.815;228.346.528
2019-01-24;91,49;93,15;91,48;92,49;2.628.840;243.151.968
2019-01-23;90,62;92,30;90,53;91,60;2.132.694;195.180.048
2019-01-22;91,00;92,29;90,75;91,36;1.965.756;179.654.256
2019-01-21;93,41;93,43;91,97;91,97;1.522.697;140.582.272
2019-01-18;91,20;93,33;90,91;93,10;3.671.131;338.719.328
2019-01-17;89,11;90,68;88,97;90,48;2.060.735;185.837.952
2019-01-16;89,68;89,92;88,93;89,47;1.513.735;135.381.568
2019-01-15;89,00;89,47;87,89;89,30;1.905.013;169.278.016
2019-01-14;88,16;88,28;87,58;88,07;1.946.280;171.286.528
2019-01-11;88,31;89,41;88,22;89,00;2.013.311;179.151.792
2019-01-10;88,71;89,70;88,33;89,44;1.786.188;159.338.992
2019-01-09;88,35;89,85;88,02;89,18;2.651.554;236.320.400
2019-01-08;86,75;88,81;86,66;87,97;2.672.217;234.817.792
2019-01-07;87,20;87,20;86,04;86,62;2.200.325;190.465.824
2019-01-04;84,75;86,78;84,04;86,44;3.606.453;309.112.288
2019-01-03;85,50;85,76;83,95;84,31;3.051.656;258.165.392
2019-01-02;87,00;87,40;85,69;87,01;2.177.418;189.254.336
2018-12-28;86,33;87,53;86,00;86,93;1.758.428;152.932.032
2018-12-27;86,80;87,14;84,68;85,79;3.073.209;263.799.200
2018-12-21;87,50;87,98;85,70;86,42;6.980.413;604.452.800
2018-12-20;87,78;88,94;87,43;87,77;3.259.932;286.748.224
2018-12-19;87,90;89,57;87,71;89,22;2.824.088;251.614.240
2018-12-18;88,59;89,12;87,73;87,75;3.124.694;275.263.840
2018-12-17;89,64;89,82;87,78;88,66;2.409.088;213.753.824
2018-12-14;89,70;90,43;89,10;89,94;2.384.483;214.039.248
2018-12-13;91,39;91,65;90,18;90,78;2.510.159;227.989.056
2018-12-12;90,26;91,77;89,81;91,23;2.703.787;246.321.328
2018-12-11;89,45;90,92;89,03;89,85;2.525.355;226.966.448
2018-12-10;88,40;89,85;88,25;88,46;2.988.643;265.239.120
2018-12-07;88,72;90,64;88,67;88,67;3.047.776;272.456.992
2018-12-06;88,80;89,17;87,47;87,92;3.685.357;324.333.056
2018-12-05;90,69;90,87;89,88;90,31;2.195.229;198.506.000
2018-12-04;92,02;92,65;91,72;91,95;2.103.533;193.547.552
2018-12-03;92,67;93,14;92,29;92,51;2.710.017;250.845.504
2018-11-30;91,59;91,99;90,83;90,92;2.860.293;260.506.720
2018-11-29;92,04;92,35;91,04;91,10;2.404.207;220.109.360
2018-11-28;90,62;91,33;90,38;90,83;2.129.459;193.608.208
2018-11-27;90,24;90,62;89,21;90,19;1.790.771;161.215.312
2018-11-26;90,00;90,53;89,65;90,00;2.209.319;198.965.296
2018-11-23;88,28;89,65;87,92;89,35;1.970.967;175.269.760
2018-11-22;89,05;89,43;88,24;88,52;2.000.725;177.333.360
2018-11-21;88,69;89,65;88,15;89,30;2.427.612;216.319.344
2018-11-20;87,83;89,12;86,21;88,04;3.398.817;298.775.936
2018-11-19;92,00;92,37;88,51;88,95;3.119.886;279.882.336
2018-11-16;92,91;93,18;90,74;91,70;3.342.852;306.736.736
2018-11-15;92,49;92,81;91,20;92,15;2.184.225;201.135.408
2018-11-14;91,35;93,28;90,40;91,94;2.432.761;223.533.232
2018-11-13;90,03;92,31;90,03;91,88;4.237.369;386.925.376
2018-11-12;93,43;93,50;89,78;89,80;5.416.689;492.057.120
2018-11-09;94,08;95,33;93,94;95,17;2.394.966;227.174.864
2018-11-08;95,00;95,27;94,04;94,33;1.891.495;178.921.376
2018-11-07;93,40;94,82;93,20;94,62;1.936.607;182.784.992
2018-11-06;93,72;94,17;92,73;93,42;2.045.445;191.072.560
2018-11-05;94,19;94,96;93,59;93,78;1.560.961;146.994.496
2018-11-02;95,28;95,50;93,76;94,39;2.747.881;259.926.464
2018-11-01;94,39;95,11;92,94;93,46;2.660.127;249.444.128
2018-10-31;93,80;95,37;93,15;94,66;3.823.539;361.341.184
2018-10-30;92,98;93,29;91,38;92,61;2.284.718;211.119.616
2018-10-29;93,21;93,90;92,19;92,63;2.365.079;220.008.064
2018-10-26;92,48;93,03;90,56;92,99;3.687.425;340.233.888
2018-10-25;90,03;93,80;89,29;93,68;3.499.846;323.241.280
2018-10-24;93,23;94,13;91,62;91,68;2.717.364;251.528.112
2018-10-23;93,75;93,93;91,84;92,60;3.639.614;337.654.688
2018-10-22;96,62;96,71;94,57;94,99;2.354.282;224.978.320
2018-10-19;94,33;96,10;93,14;95,30;5.046.374;477.623.680
2018-10-18;96,90;98,87;94,38;94,38;6.853.511;658.582.272
2018-10-17;102,28;102,92;99,61;100,34;2.842.051;286.521.088
2018-10-16;98,01;101,02;97,44;100,96;2.823.038;281.804.928
2018-10-15;98,54;98,67;96,93;98,01;2.063.137;201.588.608
2018-10-12;99,13;99,89;97,43;98,07;4.027.769;396.713.504
2018-10-11;95,55;98,78;94,14;97,08;5.210.537;504.713.568
2018-10-10;103,80;103,96;98,71;98,71;3.586.189;359.058.688
2018-10-09;102,58;104,30;101,98;103,80;2.391.236;246.665.808
2018-10-08;104,22;104,24;101,72;102,04;2.221.057;227.645.408
2018-10-05;106,08;106,12;104,22;104,22;2.027.373;212.158.320
2018-10-04;105,66;106,90;105,06;106,08;2.271.727;240.646.688
2018-10-02;106,18;107,02;105,22;106,06;2.078.430;220.098.272
2018-10-01;106,02;106,80;105,68;106,68;1.526.744;162.450.480
2018-09-28;107,52;108,34;105,64;106,00;3.050.317;324.860.224
2018-09-27;107,72;108,16;106,92;107,80;1.913.077;206.174.272
2018-09-26;107,44;108,52;107,02;107,80;2.430.653;261.986.880
2018-09-25;103,68;107,14;103,38;107,00;2.469.719;261.701.392
2018-09-24;103,52;104,10;102,90;103,46;2.071.834;214.484.592
2018-09-21;101,90;104,10;101,72;104,10;7.407.942;767.207.936
2018-09-20;102,08;102,08;100,88;101,64;2.872.169;291.643.296
2018-09-19;103,00;103,00;101,94;102,14;1.676.623;171.410.944
2018-09-18;102,00;103,20;101,58;103,20;2.157.780;221.435.312
2018-09-17;104,20;104,20;102,40;102,90;2.062.722;212.410.528
2018-09-14;104,18;104,28;103,42;104,20;1.507.865;156.828.976
2018-09-13;103,82;104,62;103,54;103,70;1.947.300;202.374.912
2018-09-12;103,06;104,20;102,92;104,20;1.737.934;180.364.496
2018-09-11;102,34;103,00;101,62;102,84;1.944.390;199.332.240
2018-09-10;100,56;102,02;100,42;101,98;2.272.017;230.806.512
2018-09-07;99,48;100,56;99,31;100,56;2.801.851;280.429.760
2018-09-06;98,98;100,12;98,57;98,76;2.436.139;241.676.896
2018-09-05;101,92;102,36;99,22;99,22;2.784.927;278.728.064
2018-09-04;103,80;103,98;101,76;102,40;1.807.374;185.297.456
2018-09-03;103,02;103,7601;102,94;103,64;915.510;94.769.872
2018-08-31;103,94;103,94;102,74;103,62;2.190.787;226.775.488
2018-08-30;104,20;104,50;103,22;104,28;1.784.078;185.565.312
2018-08-29;104,70;104,88;104,24;104,54;1.319.862;137.988.816
2018-08-28;104,96;104,96;104,30;104,44;1.526.664;159.582.016
2018-08-27;104,30;104,90;104,14;104,70;1.166.752;122.000.592
2018-08-24;103,54;103,98;103,10;103,98;1.244.897;129.123.760
2018-08-23;102,70;103,94;102,70;103,54;1.452.137;150.398.384
2018-08-22;102,14;102,86;101,92;102,54;1.313.977;134.598.496
2018-08-21;102,22;102,90;102,08;102,32;1.413.522;144.819.024
2018-08-20;101,82;103,12;101,76;102,60;1.315.440;134.955.408
2018-08-17;101,98;102,08;100,94;101,98;1.753.722;178.362.880
2018-08-16;100,12;102,42;100,04;102,06;2.664.013;270.828.384
2018-08-15;100,64;101,16;99,06;99,30;2.300.498;229.370.336
2018-08-14;100,76;101,00;99,65;100,36;1.429.034;143.427.008
2018-08-13;99,09;100,82;98,99;100,10;1.904.698;190.604.080
2018-08-10;99,63;99,76;98,04;98,65;2.870.713;283.234.176
2018-08-09;100,00;100,64;99,30;100,30;1.372.980;137.505.104
2018-08-08;99,40;100,74;99,21;100,38;1.812.842;181.631.504
2018-08-07;100,60;101,06;99,38;99,39;1.826.797;182.486.992
2018-08-06;100,14;100,96;99,27;99,86;1.550.121;154.946.496
2018-08-03;99,19;99,88;99,03;99,77;1.630.363;162.369.344
2018-08-02;99,13;99,58;98,54;99,09;2.235.056;221.448.752
2018-08-01;99,75;100,04;99,02;99,54;1.898.971;189.050.672
2018-07-31;100,20;100,34;99,16;99,85;2.727.085;272.041.280
2018-07-30;102,50;102,86;100,20;100,20;1.620.245;163.621.360
2018-07-27;103,52;104,06;102,94;103,14;1.794.644;185.484.320
2018-07-26;101,66;103,24;101,66;103,24;2.587.040;265.587.664
2018-07-25;100,50;101,32;100,34;101,00;1.845.506;186.271.120
2018-07-24;100,18;101,86;99,66;100,90;2.233.043;225.440.624
2018-07-23;99,58;100,10;99,43;99,64;1.873.272;186.893.472
2018-07-20;101,52;102,40;99,57;99,99;4.663.920;469.499.488
2018-07-19;103,90;104,26;100,80;100,98;3.850.730;392.939.936
2018-07-18;104,50;105,08;104,04;104,68;2.078.557;217.449.984
2018-07-17;102,80;103,88;101,66;103,80;1.943.590;200.473.968
2018-07-16;102,78;103,30;102,04;102,64;1.273.286;130.668.864
2018-07-13;102,86;103,38;101,84;102,78;2.000.564;205.391.280
2018-07-12;100,92;101,92;100,58;101,88;1.746.937;177.281.568
2018-07-11;101,44;101,44;100,04;100,48;2.231.014;224.360.032
2018-07-10;101,62;102,26;100,82;102,18;1.898.444;193.189.136
2018-07-09;100,00;101,50;99,69;101,38;2.140.416;216.198.976
2018-07-06;99,95;99,98;98,72;99,45;2.184.204;216.695.760
2018-07-05;97,92;99,26;97,74;99,17;2.242.900;221.706.416
2018-07-04;98,76;98,80;97,54;97,81;1.490.026;146.066.800
2018-07-03;99,18;99,92;98,83;99,06;1.869.784;185.458.752
2018-07-02;98,00;98,88;97,45;98,30;2.079.677;204.443.072
2018-06-29;98,63;99,23;97,93;98,95;2.975.506;294.089.440
2018-06-28;99,64;100,06;96,77;97,28;3.492.285;341.219.712
2018-06-27;98,79;100,50;97,75;99,95;2.516.617;250.102.736
2018-06-26;99,18;99,42;98,39;98,59;2.452.073;242.320.720
2018-06-25;100,40;100,78;98,60;98,60;2.967.070;294.604.640
2018-06-22;101,10;101,50;99,87;100,90;2.218.270;223.623.296
2018-06-21;102,98;103,28;101,26;101,42;2.341.860;238.688.304
2018-06-20;102,10;103,06;101,78;102,72;2.558.591;262.350.912
2018-06-19;100,88;101,88;99,94;101,74;3.237.111;327.379.936
2018-06-18;103,06;103,36;101,86;102,50;2.133.921;218.785.616
2018-06-15;104,58;105,28;103,74;103,78;9.203.429;958.754.560
2018-06-14;102,00;104,54;101,56;104,30;4.218.256;435.775.040
2018-06-13;102,34;103,52;102,04;102,82;2.592.730;266.681.280
2018-06-12;102,20;102,62;101,76;101,98;2.389.139;243.988.688
2018-06-11;100,52;101,94;100,50;101,78;2.792.398;283.522.016
2018-06-08;99,17;100,50;98,53;100,44;2.728.772;272.647.488
2018-06-07;99,23;99,99;98,99;99,62;2.546.633;253.703.520
2018-06-06;99,00;99,96;98,27;99,07;3.148.530;312.026.016
2018-06-05;97,76;99,84;97,45;99,00;3.108.099;307.941.728
2018-06-04;97,80;98,04;96,67;97,79;1.541.129;150.368.432
2018-06-01;97,07;98,03;96,72;97,33;2.879.694;280.447.008
2018-05-31;96,27;96,94;95,80;96,34;3.386.416;326.268.160
2018-05-30;95,87;96,41;95,30;96,18;2.573.071;246.836.768
2018-05-29;95,80;96,12;94,76;95,33;3.773.526;359.954.784
2018-05-28;98,00;98,28;96,34;96,64;1.968.790;191.107.728
2018-05-25;97,39;97,92;97,03;97,83;2.793.208;272.693.824
2018-05-24;96,66;97,55;96,31;96,84;3.043.284;295.077.920
2018-05-23;95,98;96,42;95,25;96,42;2.947.963;283.023.904
2018-05-22;96,03;96,56;95,40;96,11;2.341.480;224.943.616
2018-05-18;95,75;96,12;95,21;95,85;3.735.841;357.628.288
2018-05-17;95,88;97,17;95,72;96,95;2.679.716;259.113.584
2018-05-16;95,60;96,50;95,45;96,17;2.270.457;218.150.384
2018-05-15;96,23;96,44;95,04;95,50;3.044.566;291.391.456
2018-05-14;97,23;97,42;96,47;96,85;1.863.791;180.555.424
2018-05-11;97,70;97,90;96,64;97,42;2.464.833;239.687.616
2018-05-10;96,91;97,61;96,40;97,54;1.863.553;181.169.232
2018-05-09;96,04;97,00;96,03;96,74;2.450.649;236.833.344
2018-05-08;96,00;96,67;95,65;96,51;1.987.752;191.348.400
2018-05-07;95,30;96,28;94,89;96,00;1.898.674;181.945.344
2018-05-04;94,50;95,44;94,08;95,44;2.610.513;247.889.808
2018-05-03;93,91;94,39;93,33;93,95;2.407.417;225.976.336
2018-05-02;93,40;94,19;92,53;93,85;3.471.269;325.177.600
2018-04-30;92,18;92,45;91,29;92,42;2.616.577;241.227.248
2018-04-27;91,01;92,28;90,04;92,02;3.808.489;349.243.680
2018-04-26;89,73;90,48;88,95;90,33;2.787.701;250.815.024
2018-04-25;89,97;90,61;88,34;89,14;3.351.233;299.353.344
2018-04-24;89,60;90,92;89,20;90,21;6.003.527;541.556.544
2018-04-23;86,45;87,20;85,83;87,15;2.054.614;178.434.960
2018-04-20;87,20;87,67;86,36;86,52;5.270.412;457.335.840
2018-04-19;88,60;88,66;87,39;87,71;2.124.598;186.983.936
2018-04-18;88,91;89,11;87,87;88,54;2.101.965;186.125.232
2018-04-17;87,42;88,87;86,97;88,46;2.543.745;224.465.088
2018-04-16;88,01;88,26;87,13;87,20;1.509.727;132.083.472
2018-04-13;87,83;88,41;87,46;87,97;1.960.084;172.384.928
2018-04-12;86,50;87,81;86,40;87,74;2.086.605;182.216.896
2018-04-11;86,60;87,12;86,33;86,84;1.797.529;155.922.384
2018-04-10;87,70;88,15;86,96;87,51;1.941.766;169.951.120
2018-04-09;87,06;87,82;86,80;87,37;2.503.994;218.861.552
2018-04-06;85,95;86,79;85,86;86,47;2.465.087;213.066.128
2018-04-05;85,55;86,66;85,10;86,66;3.158.815;272.326.368
2018-04-04;84,01;84,06;82,88;84,06;3.095.131;258.917.792
2018-04-03;83,96;84,95;83,45;84,25;3.191.205;268.795.168
2018-03-29;84,46;85,76;83,83;84,97;3.404.637;288.963.680
2018-03-28;83,45;84,89;83,01;84,42;3.451.072;290.321.632
2018-03-27;84,80;84,96;83,74;84,78;3.064.758;259.225.536
2018-03-26;84,37;84,74;82,52;82,98;2.852.736;238.460.368
2018-03-23;83,90;84,65;83,18;84,07;4.022.805;337.729.664
2018-03-22;84,86;85,69;84,66;85,15;3.383.130;288.228.832
2018-03-21;85,78;85,99;84,97;85,85;2.191.215;187.682.784
2018-03-20;85,70;85,91;84,76;85,40;2.939.027;250.430.576
2018-03-19;87,00;87,08;85,37;85,79;3.101.052;266.782.144
2018-03-16;88,70;88,70;87,27;87,35;11.629.531;1.018.745.664
2018-03-15;87,61;88,31;86,96;87,90;3.153.212;276.921.920
2018-03-14;86,99;87,84;86,73;87,24;2.577.109;224.859.872
2018-03-13;88,30;88,89;86,90;87,42;3.088.073;271.374.656
2018-03-12;89,20;89,38;87,78;88,37;2.011.463;177.988.640
2018-03-09;87,52;88,55;87,41;88,39;2.802.206;246.899.184
2018-03-08;86,56;88,13;86,33;87,86;3.596.742;314.412.480
2018-03-07;84,42;86,99;84,16;86,68;4.084.346;351.841.472
2018-03-06;85,13;85,27;84,44;84,55;2.548.696;215.884.112
2018-03-05;82,10;84,50;82,08;84,23;3.512.341;294.222.720
2018-03-02;83,13;83,25;82,05;82,47;4.537.415;374.417.792
2018-03-01;85,29;85,55;83,30;84,10;4.603.441;388.162.496
2018-02-28;85,34;86,58;85,29;86,20;3.458.333;297.650.528
2018-02-27;85,47;86,22;84,93;85,45;3.211.988;274.714.496
2018-02-26;85,42;85,61;84,35;84,85;2.487.095;211.087.264
2018-02-23;84,86;84,90;83,88;84,52;2.323.106;196.136.944
2018-02-22;83,65;84,77;83,01;84,50;2.436.128;204.684.640
2018-02-21;84,34;84,69;83,74;84,50;2.643.720;222.921.904
2018-02-20;84,16;84,72;83,44;84,51;2.456.140;207.119.056
2018-02-19;84,45;84,67;83,57;83,86;2.058.197;172.760.400
2018-02-16;84,44;84,85;83,93;84,31;3.611.138;304.458.400
2018-02-15;84,55;84,84;83,33;83,86;2.724.883;229.133.312
2018-02-14;83,51;84,35;82,45;83,70;4.016.728;335.901.408
2018-02-13;82,97;83,45;82,42;82,80;3.256.811;269.853.472
2018-02-12;83,63;84,39;83,28;83,28;3.376.948;282.723.616
2018-02-09;83,50;84,46;82,19;82,86;5.529.684;460.180.896
2018-02-08;85,52;85,78;83,63;84,08;4.560.804;386.455.072
2018-02-07;86,50;86,70;85,37;86,28;4.015.307;345.422.848
2018-02-06;85,50;86,35;83,50;85,29;6.703.229;573.207.040
2018-02-05;87,49;87,89;86,54;87,44;3.817.294;332.827.488
2018-02-02;89,13;89,25;88,00;88,00;3.560.357;315.047.840
2018-02-01;91,50;91,88;89,40;89,79;3.262.345;295.282.336
2018-01-31;89,50;90,85;89,32;90,83;3.511.792;317.846.496
2018-01-30;90,15;93,08;89,57;90,13;4.982.722;452.735.872
2018-01-29;91,88;92,33;90,94;92,09;2.300.555;211.272.736
2018-01-26;90,97;91,86;90,55;91,72;2.043.138;186.855.232
2018-01-25;91,85;92,24;90,33;90,80;3.056.036;278.676.832
2018-01-24;92,82;93,19;92,27;92,27;2.778.543;257.240.176
2018-01-23;92,56;93,48;92,50;92,91;2.512.030;233.501.264
2018-01-22;92,20;92,36;91,34;91,78;1.925.206;176.729.840
2018-01-19;91,40;92,46;91,16;92,30;3.322.023;305.909.888
2018-01-18;91,30;91,65;90,26;91,18;2.465.389;224.391.392
2018-01-17;90,21;90,90;89,86;90,47;2.829.909;255.795.888
2018-01-16;90,12;92,75;90,05;90,97;2.964.495;271.099.424
2018-01-15;90,35;90,61;89,71;90,06;2.053.812;185.176.800
2018-01-12;91,00;91,47;90,27;90,73;3.437.210;312.013.504
2018-01-11;92,85;93,74;91,04;91,43;4.274.991;393.498.880
2018-01-10;95,30;95,71;94,33;94,58;1.991.305;188.674.944
2018-01-09;96,11;96,53;95,05;95,41;1.974.442;188.902.416
2018-01-08;96,88;96,97;95,81;96,27;1.790.705;172.570.720
2018-01-05;95,21;96,44;95,21;96,44;2.114.301;203.320.624
2018-01-04;94,62;95,43;94,34;95,09;2.403.598;228.241.408
2018-01-03;93,00;94,65;92,63;94,07;2.346.852;219.877.200
2018-01-02;93,35;93,95;92,12;92,80;2.334.984;216.571.728
2017-12-29;94,14;94,23;93,14;93,45;1.289.163;120.704.744
2017-12-28;94,81;95,04;93,71;93,89;1.312.602;123.592.824
2017-12-27;94,55;95,21;94,03;94,98;1.425.624;135.024.896
2017-12-22;95,01;95,41;94,58;94,58;1.585.328;150.272.240
2017-12-21;95,10;95,62;94,34;95,36;1.863.466;177.294.304
2017-12-20;97,29;97,48;94,73;95,00;2.240.968;214.097.920
2017-12-19;98,65;98,81;97,01;97,02;1.512.590;147.634.256
2017-12-18;97,85;98,84;97,65;98,49;1.962.959;193.207.968
2017-12-15;96,20;97,35;95,53;97,35;7.562.793;732.365.376
2017-12-14;95,50;97,49;95,33;96,77;2.596.208;250.819.072
2017-12-13;95,72;96,54;95,57;96,06;1.388.581;133.324.472
2017-12-12;95,00;96,33;94,71;96,19;1.730.790;165.978.864
2017-12-11;95,52;95,55;94,37;94,70;1.442.357;136.724.800
2017-12-08;96,11;97,11;95,54;95,54;2.528.295;242.947.616
2017-12-07;95,45;95,67;94,51;95,11;1.572.775;149.561.184
2017-12-06;93,36;95,27;93,03;95,00;1.955.948;184.378.784
2017-12-05;94,20;94,75;93,20;94,56;2.063.502;194.328.320
2017-12-04;94,27;95,09;93,67;94,35;2.131.835;200.709.942
2017-12-01;95,09;95,11;92,81;93,17;3.130.812;293.083.712
2017-11-30;95,34;96,17;94,65;94,65;3.631.786;344.819.200
2017-11-29;97,87;97,96;94,96;95,34;2.331.358;224.166.512
2017-11-28;97,24;97,99;96,81;97,13;1.390.440;135.372.976
2017-11-27;97,17;97,75;96,76;97,02;1.383.823;134.411.424
2017-11-24;96,82;97,98;96,21;97,25;1.274.547;123.879.376
2017-11-23;95,84;96,72;95,47;96,72;1.255.863;121.007.048
2017-11-22;97,93;97,94;96,38;96,57;1.711.131;165.959.456
2017-11-21;96,84;98,45;96,44;98,25;1.750.996;171.326.944
2017-11-20;95,77;97,20;95,76;97,00;1.402.144;135.584.432
2017-11-17;96,59;97,01;96,18;96,51;2.285.562;220.798.192
2017-11-16;96,20;96,60;95,73;96,34;1.413.080;136.069.376
2017-11-15;95,43;96,16;95,12;95,96;1.801.838;172.310.512
2017-11-14;96,47;96,58;95,70;96,07;1.688.691;162.350.656
2017-11-13;96,31;96,51;94,96;95,96;1.652.064;158.125.696
2017-11-10;96,78;97,51;96,15;96,26;2.050.239;198.228.912
2017-11-09;98,74;99,05;96,48;96,78;2.461.805;239.361.984
2017-11-08;98,90;99,25;98,06;98,50;1.929.337;190.188.000
2017-11-07;99,40;99,71;98,40;98,49;2.188.992;216.346.816
2017-11-06;98,97;99,74;98,92;99,55;1.429.833;142.186.736
2017-11-03;98,79;99,13;98,40;98,85;2.471.097;244.216.080
2017-11-02;100,10;100,45;98,40;98,79;3.138.965;311.467.552
2017-11-01;98,87;100,70;98,64;100,35;2.883.252;288.343.456
2017-10-30;98,13;98,32;97,53;97,66;1.525.390;149.076.480
2017-10-27;97,87;98,61;97,63;98,32;2.482.288;243.916.720
2017-10-26;95,50;97,49;94,61;97,26;2.773.831;267.513.184
2017-10-25;95,10;96,22;94,77;95,49;1.801.441;172.138.352
2017-10-24;95,80;96,18;94,83;95,33;2.030.428;193.738.512
2017-10-23;95,25;96,26;94,98;95,99;1.630.849;156.344.928
2017-10-20;96,14;96,49;94,74;95,22;3.023.873;288.263.296
2017-10-19;92,91;95,84;92,27;95,60;4.625.999;436.203.296
2017-10-18;94,95;95,83;94,44;95,01;1.625.481;154.559.984
2017-10-17;94,51;94,85;94,21;94,52;1.366.631;129.189.272
2017-10-16;95,30;95,34;94,51;94,63;1.142.648;108.279.288
2017-10-13;95,19;95,47;94,71;95,12;1.203.418;114.442.544
2017-10-12;95,02;95,37;94,41;95,18;1.423.823;135.291.808
2017-10-11;95,07;95,09;94,53;94,82;1.233.059;116.931.448
2017-10-10;95,40;95,94;94,72;95,03;1.385.754;132.057.688
2017-10-09;94,50;95,45;94,45;95,45;1.537.118;146.254.096
2017-10-06;94,54;94,58;93,81;94,30;1.441.473;135.792.832
2017-10-05;93,67;94,37;93,65;94,33;1.338.338;126.011.640
2017-10-04;94,25;94,32;93,44;93,79;1.898.469;178.120.704
2017-10-02;93,00;94,10;92,92;94,08;1.780.673;166.969.600
2017-09-29;92,18;92,69;91,96;92,69;2.618.209;242.092.560
2017-09-28;91,71;92,21;91,69;92,18;1.241.513;114.296.592
2017-09-27;91,50;91,98;91,46;91,66;1.351.146;123.866.712
2017-09-26;91,51;91,99;91,22;91,42;1.439.834;131.780.792
2017-09-25;91,80;92,48;91,71;91,88;1.187.213;109.278.016
2017-09-22;91,77;92,45;91,70;92,09;1.389.178;127.982.792
2017-09-21;92,11;92,17;91,48;91,74;1.270.263;116.625.576
2017-09-20;91,63;92,01;91,39;91,84;1.167.514;107.196.936
2017-09-19;92,17;92,46;91,83;91,90;1.335.493;122.944.544
2017-09-18;92,50;92,71;91,86;92,11;1.258.915;115.989.088
2017-09-15;91,52;92,24;91,35;92,01;7.224.626;663.999.488
2017-09-14;91,88;92,24;91,33;91,93;2.152.609;197.715.584
2017-09-13;91,50;92,28;91,32;92,28;1.875.512;172.627.104
2017-09-12;92,09;92,29;91,77;91,85;1.749.346;160.873.088
2017-09-11;91,11;91,83;91,09;91,78;1.911.523;175.133.024
2017-09-08;89,92;90,64;89,51;90,54;1.487.631;134.379.968
2017-09-07;89,21;90,21;89,05;90,11;2.271.393;204.167.424
2017-09-06;87,66;88,90;87,27;88,65;1.899.065;167.652.032
2017-09-05;88,05;88,70;87,68;88,21;1.542.382;136.188.208
2017-09-04;88,00;88,37;87,76;87,88;924.496;81.338.784
2017-09-01;88,36;89,01;88,12;88,60;1.890.956;167.635.040
2017-08-31;88,22;88,60;87,73;88,10;1.939.933;170.862.656
2017-08-30;87,56;87,76;87,18;87,53;1.302.212;113.941.920
2017-08-29;87,14;87,55;86,24;87,14;2.343.039;203.625.376
2017-08-28;87,60;88,61;86,90;87,85;1.568.953;137.846.800
2017-08-25;88,63;89,07;88,35;88,35;1.208.367;107.145.488
2017-08-24;89,66;89,71;88,54;88,58;1.506.710;133.884.768
2017-08-23;89,59;89,81;89,17;89,28;1.249.126;111.686.901
2017-08-22;89,25;89,86;89,07;89,59;1.640.149;146.798.720
2017-08-21;88,77;89,19;88,44;88,67;1.385.377;122.907.864
2017-08-18;89,13;89,45;88,80;89,24;2.472.903;220.452.016
2017-08-17;89,96;90,40;89,61;89,87;1.610.609;144.899.520
2017-08-16;90,57;90,93;90,31;90,35;1.470.281;133.108.552
2017-08-15;89,99;90,34;89,67;90,00;1.001.236;90.109.456
2017-08-14;88,79;90,12;88,72;89,84;1.708.144;153.210.848
2017-08-11;88,43;88,67;87,94;88,43;2.185.600;192.931.472
2017-08-10;90,00;90,09;88,77;88,99;2.104.156;187.572.128
2017-08-09;90,08;90,38;89,35;89,93;2.100.884;188.909.360
2017-08-08;90,22;91,20;90,18;90,82;1.747.540;158.617.008
2017-08-07;91,46;91,51;90,36;90,66;1.618.196;146.836.464
2017-08-04;90,26;91,65;90,15;91,44;2.066.141;188.249.280
2017-08-03;89,33;90,64;89,17;90,55;2.166.248;195.460.992
2017-08-02;90,63;90,66;89,25;89,63;1.993.657;179.150.528
2017-08-01;90,16;90,85;88,97;90,54;2.118.605;191.014.752
2017-07-31;90,07;90,50;89,45;89,68;2.369.760;212.926.784
2017-07-28;89,43;90,67;89,05;90,30;2.946.277;265.270.640
2017-07-27;90,00;91,07;89,70;90,80;2.491.289;225.419.424
2017-07-26;89,28;90,35;88,96;90,14;2.398.027;215.569.104
2017-07-25;88,92;89,49;88,53;89,11;2.123.892;189.182.800
2017-07-24;89,29;89,60;88,48;88,75;2.272.154;201.979.776
2017-07-21;90,40;90,93;88,58;88,88;4.464.897;399.917.568
2017-07-20;91,40;91,48;90,12;91,11;2.880.530;261.999.168
2017-07-19;90,44;91,83;90,18;91,33;2.503.997;228.388.080
2017-07-18;91,07;91,20;89,59;89,83;2.017.515;181.773.632
2017-07-17;91,74;91,97;90,69;90,99;1.239.308;112.933.352
2017-07-14;91,22;91,59;90,96;91,34;1.638.606;149.662.272
2017-07-13;91,67;92,13;91,36;91,36;1.886.653;172.742.160
2017-07-12;90,30;91,91;90,17;91,58;1.925.755;175.525.440
2017-07-11;91,43;91,66;90,21;90,33;1.998.744;181.098.480
2017-07-10;90,94;91,69;90,62;91,31;1.672.525;152.711.104
2017-07-07;90,25;90,36;89,36;90,36;1.836.680;165.264.192
2017-07-06;91,40;91,48;89,25;90,10;3.139.034;282.952.256
2017-07-05;90,52;91,17;90,17;91,00;2.096.012;190.385.872
2017-07-04;90,68;91,17;90,36;90,73;1.499.966;136.145.120
2017-07-03;91,78;91,89;90,80;91,18;2.086.995;190.498.336
2017-06-30;91,05;92,25;90,80;91,45;3.186.081;292.051.616
2017-06-29;94,01;94,29;90,24;90,89;3.220.138;295.434.912
2017-06-28;93,60;94,00;92,91;93,50;2.450.606;228.946.944
2017-06-27;95,80;95,81;94,35;94,35;1.936.000;183.608.032
2017-06-26;96,25;96,33;95,49;95,69;1.430.159;137.089.040
2017-06-23;95,44;96,02;95,28;95,93;1.650.317;157.995.328
2017-06-22;95,53;96,16;95,50;96,01;1.901.817;182.363.440
2017-06-21;94,69;95,20;94,13;95,20;1.578.946;149.751.024
2017-06-20;95,75;95,99;94,85;94,85;1.506.480;143.383.104
2017-06-19;95,00;95,46;94,63;95,46;1.608.608;153.222.368
2017-06-16;93,02;94,40;92,90;94,40;5.850.270;550.482.304
2017-06-15;93,94;94,08;92,59;93,26;2.538.878;236.744.240
2017-06-14;93,76;95,06;93,67;94,25;2.510.425;237.070.848
2017-06-13;92,75;94,08;92,71;93,59;2.019.182;188.837.232
2017-06-12;93,74;94,30;91,86;92,56;3.619.599;336.083.808
2017-06-09;95,87;96,34;95,58;96,00;1.540.772;147.960.848
2017-06-08;95,44;95,99;95,36;95,81;1.335.134;127.867.416
2017-06-07;95,51;95,97;95,18;95,26;1.696.764;161.931.504
2017-06-06;96,34;96,38;95,01;95,65;2.122.393;203.058.192
2017-06-02;96,00;96,32;95,68;96,10;1.875.186;180.192.880
2017-06-01;95,59;95,95;95,10;95,32;893.602;85.342.072
2017-05-31;95,30;96,00;94,88;95,44;2.430.412;232.076.880
2017-05-30;95,03;95,35;94,55;95,10;1.372.501;130.434.088
2017-05-29;94,89;95,52;94,80;95,22;919.317;87.500.832
2017-05-26;95,08;95,30;94,38;94,82;1.359.870;128.890.976
2017-05-25;95,24;95,33;94,18;95,04;1.209.328;114.759.424
2017-05-24;94,74;95,19;94,53;94,93;1.448.107;137.375.632
2017-05-23;93,79;94,97;93,54;94,68;1.435.159;135.694.608
2017-05-22;94,02;94,12;93,30;94,00;1.665.113;156.235.904
2017-05-19;93,64;94,20;93,28;94,10;3.092.881;290.564.032
2017-05-18;93,75;94,13;92,96;93,75;2.457.543;230.045.216
2017-05-17;93,75;94,52;93,68;93,95;2.261.734;212.845.232
2017-05-16;94,26;94,90;93,94;94,22;1.498.344;141.300.032
2017-05-15;94,86;94,95;93,91;94,21;1.233.037;116.261.880
2017-05-12;93,91;94,70;93,86;94,66;1.693.114;159.803.776
2017-05-11;94,45;94,54;93,46;93,98;1.795.960;168.805.040
2017-05-10;94,73;95,51;94,42;95,04;2.291.446;217.795.712
2017-05-09;94,28;95,43;93,86;95,20;1.851.229;175.880.896
2017-05-08;93,70;94,26;93,18;94,22;1.798.041;169.023.536
2017-05-05;93,05;94,00;92,87;93,84;2.007.569;187.749.744
2017-05-04;92,75;93,21;92,32;93,21;1.840.994;171.220.848
2017-05-03;92,69;92,70;91,63;92,48;1.705.983;157.309.488
2017-05-02;92,43;92,81;92,04;92,80;2.073.647;191.901.856
2017-04-28;92,03;92,27;91,51;92,07;2.482.055;228.151.648
2017-04-27;92,08;92,78;91,46;92,35;1.882.578;173.375.840
2017-04-26;93,53;93,55;92,31;92,45;2.315.978;214.647.712
2017-04-25;92,90;94,22;92,39;93,13;2.361.529;220.703.776
2017-04-24;91,91;92,99;91,86;92,99;3.468.037;321.483.616
2017-04-21;90,62;91,18;90,39;90,92;3.389.188;307.858.912
2017-04-20;90,48;91,18;90,26;90,40;1.566.696;141.931.648
2017-04-19;90,52;90,79;90,23;90,66;1.416.947;128.321.960
2017-04-18;91,10;91,43;90,12;90,36;1.787.616;161.800.160
2017-04-13;91,52;91,71;90,68;91,10;2.229.929;203.219.120
2017-04-12;91,30;91,80;90,82;91,49;1.818.735;166.260.832
2017-04-11;91,44;91,62;90,38;91,02;1.641.591;149.625.280
2017-04-10;92,27;92,27;91,50;91,76;1.099.103;100.910.704
2017-04-07;91,12;91,80;90,53;91,79;1.661.034;151.712.800
2017-04-06;91,24;91,64;90,79;91,43;1.776.356;162.096.464
2017-04-05;92,22;92,25;91,60;91,71;1.784.150;163.920.880
2017-04-04;92,01;92,49;91,75;92,27;1.759.802;162.307.280
2017-04-03;92,49;92,98;91,90;91,91;1.934.464;178.553.440
2017-03-31;91,44;92,00;91,12;91,98;2.883.122;264.623.760
2017-03-30;91,36;91,41;90,62;91,39;1.331.151;121.463.568
2017-03-29;91,00;91,20;90,25;91,09;1.520.672;138.179.456
2017-03-28;89,96;90,82;89,52;90,61;1.754.223;158.614.896
2017-03-27;89,20;89,74;89,03;89,40;2.362.049;211.076.304
2017-03-24;91,03;91,23;90,37;90,80;1.426.279;129.441.528
2017-03-23;90,50;91,08;90,06;90,95;1.828.465;165.653.712
2017-03-22;89,50;90,63;89,32;90,50;1.889.334;170.465.920
2017-03-21;91,69;91,70;90,01;90,26;2.013.551;182.453.920
2017-03-20;90,78;91,27;90,45;91,07;1.779.645;161.975.904
2017-03-17;90,50;90,95;90,00;90,95;6.288.779;571.332.288
2017-03-16;90,50;91,30;90,29;90,65;2.663.513;241.733.440
2017-03-15;89,25;89,73;89,05;89,73;1.530.074;137.079.904
2017-03-14;88,96;89,58;88,84;89,36;1.920.535;171.465.632
2017-03-13;88,93;89,24;88,81;89,16;1.369.409;122.007.968
2017-03-10;89,81;89,92;88,85;89,03;2.191.734;195.793.104
2017-03-09;89,16;89,80;88,83;89,50;1.744.405;156.036.256
2017-03-08;88,62;89,65;88,41;89,53;1.978.133;176.566.496
2017-03-07;88,91;89,40;88,74;89,16;1.738.492;154.915.744
2017-03-06;88,86;89,11;88,37;88,94;1.323.498;117.500.568
2017-03-03;89,76;89,83;88,93;89,28;1.787.365;159.698.544
2017-03-02;89,28;89,59;88,96;89,44;2.023.432;180.896.576
2017-03-01;88,62;89,49;88,34;89,37;2.297.321;204.810.448
2017-02-28;88,06;88,17;87,32;87,95;1.450.047;127.426.864
2017-02-27;88,34;88,44;87,57;87,76;1.352.713;118.850.664
2017-02-24;89,00;89,15;87,43;87,97;2.269.939;199.976.432
2017-02-23;88,79;89,03;88,54;89,00;1.683.979;149.740.080
2017-02-22;88,42;89,24;88,21;88,97;2.086.913;185.549.824
2017-02-21;87,16;88,37;86,90;88,17;2.016.614;177.343.920
2017-02-20;87,44;87,50;86,85;87,10;1.143.729;99.588.904
2017-02-17;86,66;87,03;86,33;86,89;1.834.661;159.121.824
2017-02-16;86,97;87,57;86,70;86,93;1.456.154;126.616.376
2017-02-15;87,59;87,59;86,38;87,17;1.396.309;121.636.296
2017-02-14;87,35;87,41;86,96;87,30;1.428.333;124.577.976
2017-02-13;86,25;87,57;86,25;87,38;1.654.276;144.321.616
2017-02-10;86,46;86,70;86,10;86,28;1.838.615;158.738.672
2017-02-09;86,13;86,37;85,62;86,28;1.597.555;137.565.072
2017-02-08;85,67;86,15;85,13;85,97;2.341.062;200.925.600
2017-02-07;85,03;85,83;84,87;85,40;1.563.609;133.568.568
2017-02-06;85,66;85,87;84,58;84,77;2.418.074;205.556.272
2017-02-03;85,26;86,12;85,06;85,48;1.791.065;153.408.960
2017-02-02;84,03;85,83;83,98;85,40;2.535.752;216.372.288
2017-02-01;85,00;85,15;83,85;84,10;2.332.014;196.559.616
2017-01-31;85,05;85,52;84,53;84,63;2.460.058;208.686.944
2017-01-30;84,99;85,44;84,86;85,14;1.815.240;154.482.192
2017-01-27;85,00;85,40;84,71;85,23;1.636.673;139.239.440
2017-01-26;85,00;85,21;84,54;85,02;1.966.701;167.060.304
2017-01-25;84,02;84,81;83,88;84,66;2.687.571;227.113.200
2017-01-24;82,33;83,83;81,92;83,46;2.709.377;225.013.312
2017-01-23;83,25;83,93;82,70;82,87;1.849.358;153.711.280
2017-01-20;83,94;84,00;83,30;83,80;3.038.209;254.423.440
2017-01-19;84,71;84,91;83,36;83,99;2.178.360;182.804.384
2017-01-18;84,31;84,40;83,07;83,60;1.826.093;152.586.336
2017-01-17;83,62;83,93;83,01;83,47;1.578.494;131.777.272
2017-01-16;83,72;84,29;83,35;83,73;1.099.899;92.257.760
2017-01-13;84,15;84,20;83,47;84,18;1.406.227;118.160.408
2017-01-12;83,42;83,88;83,15;83,58;1.660.287;138.662.608
2017-01-11;84,00;84,45;83,13;83,95;1.909.354;160.191.056
2017-01-10;84,53;84,65;84,00;84,00;1.917.100;161.542.160
2017-01-09;84,39;84,63;83,61;84,34;2.393.595;201.705.344
2017-01-06;82,70;83,66;82,49;83,66;1.890.644;157.500.560
2017-01-05;82,23;82,69;81,85;82,69;1.617.422;133.307.424
2017-01-04;82,98;83,26;81,72;82,43;2.067.356;170.153.600
2017-01-03;83,74;83,74;82,73;82,89;1.801.855;149.692.480
2017-01-02;81,99;83,57;81,68;83,54;1.121.699;93.099.040





